epoch,loss,lr,val_loss,val_y0_dice_coef,val_y0_iou,val_y0_loss,val_y0_precision,val_y0_recall,val_y1_dice_coef,val_y1_iou,val_y1_loss,val_y1_precision,val_y1_recall,val_y2_dice_coef,val_y2_iou,val_y2_loss,val_y2_precision,val_y2_recall,val_y3_dice_coef,val_y3_iou,val_y3_loss,val_y3_precision,val_y3_recall,val_y4_dice_coef,val_y4_iou,val_y4_loss,val_y4_precision,val_y4_recall,val_y5_dice_coef,val_y5_iou,val_y5_loss,val_y5_precision,val_y5_recall,val_y6_dice_coef,val_y6_iou,val_y6_loss,val_y6_precision,val_y6_recall,y0_dice_coef,y0_iou,y0_loss,y0_precision,y0_recall,y1_dice_coef,y1_iou,y1_loss,y1_precision,y1_recall,y2_dice_coef,y2_iou,y2_loss,y2_precision,y2_recall,y3_dice_coef,y3_iou,y3_loss,y3_precision,y3_recall,y4_dice_coef,y4_iou,y4_loss,y4_precision,y4_recall,y5_dice_coef,y5_iou,y5_loss,y5_precision,y5_recall,y6_dice_coef,y6_iou,y6_loss,y6_precision,y6_recall
0,1.1691508293151855,1e-04,1.2150744199752808,0.8782274127006531,0.7845922112464905,0.15408284962177277,0.9565426707267761,0.8865545988082886,0.8774625658988953,0.7834248542785645,0.14908826351165771,0.9567434787750244,0.8936842679977417,0.8745640516281128,0.778683602809906,0.15724152326583862,0.9531973600387573,0.8897843360900879,0.8675352334976196,0.7677383422851562,0.1657210886478424,0.9509437084197998,0.8807883262634277,0.8620507121086121,0.7592684030532837,0.17340482771396637,0.9471074342727661,0.8662081956863403,0.8421694040298462,0.7289826273918152,0.19213524460792542,0.9428805708885193,0.8410625457763672,0.8130010962486267,0.6866104006767273,0.22340048849582672,0.9280972480773926,0.8040264248847961,0.8825048208236694,0.7911650538444519,0.14912186563014984,0.9333771467208862,0.90665602684021,0.8814194798469543,0.7894261479377747,0.14841334521770477,0.9327383041381836,0.909982442855835,0.8786563873291016,0.7849979996681213,0.15157026052474976,0.9310644865036011,0.9082837104797363,0.8721146583557129,0.7746375799179077,0.15579931437969208,0.929250180721283,0.9057958722114563,0.8646014928817749,0.7629156708717346,0.16672514379024506,0.9240010976791382,0.8966129422187805,0.8459389209747314,0.7343665361404419,0.18608105182647705,0.911476731300354,0.8863009810447693,0.8208598494529724,0.6974024176597595,0.21144050359725952,0.8970054388046265,0.8664394617080688
1,0.974787175655365,1e-04,1.1284064054489136,0.8960896134376526,0.8132100105285645,0.14246617257595062,0.9609658718109131,0.8976712822914124,0.8971908688545227,0.8150442838668823,0.13679802417755127,0.9625294804573059,0.9020788669586182,0.8924605846405029,0.8071701526641846,0.1453714817762375,0.9580565690994263,0.9005872011184692,0.8838672041893005,0.7933714389801025,0.15733255445957184,0.9554376602172852,0.8903695940971375,0.8780658841133118,0.7842252850532532,0.16756412386894226,0.9517771005630493,0.8819578289985657,0.8679339289665222,0.768194854259491,0.17699873447418213,0.9360591769218445,0.8852905631065369,0.8409777879714966,0.7270651459693909,0.2018752545118332,0.9166012406349182,0.8663541078567505,0.9058740735054016,0.8289961814880371,0.119769386947155,0.9481436610221863,0.9232333898544312,0.9058331251144409,0.8289123177528381,0.11919250339269638,0.9483917355537415,0.9255450367927551,0.9021857976913452,0.8228431344032288,0.12322980910539627,0.9459958672523499,0.9237469434738159,0.8955764174461365,0.8119586110115051,0.1282743513584137,0.9435321688652039,0.9218473434448242,0.8873793482780457,0.7986493706703186,0.13939706981182098,0.9383673667907715,0.9135438203811646,0.8694145083427429,0.7700728178024292,0.158591628074646,0.9263793230056763,0.9035252928733826,0.8423730134963989,0.7287232875823975,0.1863332837820053,0.9106352925300598,0.8836280703544617
2,0.8495833277702332,1e-04,1.1010810136795044,0.9020330905914307,0.823085606098175,0.13710081577301025,0.9672505855560303,0.8985244631767273,0.9041259288787842,0.8265693187713623,0.13297808170318604,0.9678379893302917,0.9034003615379333,0.8966798186302185,0.8141884803771973,0.14583764970302582,0.9664808511734009,0.8920809626579285,0.8870988488197327,0.7986882925033569,0.15611839294433594,0.9648797512054443,0.8817461729049683,0.8785039186477661,0.7850505709648132,0.1661919802427292,0.9628595113754272,0.8672352433204651,0.8686822056770325,0.7694542407989502,0.16994544863700867,0.9509078860282898,0.8653175830841064,0.85178142786026,0.743346095085144,0.1929086148738861,0.9274952411651611,0.8627816438674927,0.9202262163162231,0.8531204462051392,0.1013035848736763,0.9567422866821289,0.9328299164772034,0.9201783537864685,0.8530400395393372,0.10093268007040024,0.9569817185401917,0.9345917105674744,0.9164831638336182,0.846720278263092,0.10546689480543137,0.9547779560089111,0.932856023311615,0.9100610017776489,0.8358669281005859,0.11081419885158539,0.9520027041435242,0.9309689402580261,0.9015282988548279,0.8216658234596252,0.12176068872213364,0.9468745589256287,0.9236851334571838,0.8844534158706665,0.7938232421875,0.1403331458568573,0.9356767535209656,0.9143496155738831,0.857119083404541,0.7509450316429138,0.16897225379943848,0.9195711016654968,0.8946362733840942
3,0.8026582598686218,1e-04,0.9039413928985596,0.9215535521507263,0.8555179834365845,0.1086835190653801,0.9671856164932251,0.9203197956085205,0.9218111634254456,0.8560238480567932,0.10867036134004593,0.9695762395858765,0.9188732504844666,0.9183685183525085,0.8499734997749329,0.1140456274151802,0.9626411199569702,0.9235672950744629,0.9098976850509644,0.8356310725212097,0.12289194762706757,0.9576379656791687,0.9208478331565857,0.9009449481964111,0.8207991123199463,0.1326739341020584,0.9566754698753357,0.9085074663162231,0.8872116804122925,0.7983666658401489,0.14368104934692383,0.9456329345703125,0.9038885831832886,0.8602231740951538,0.7558655738830566,0.1732950508594513,0.9265128970146179,0.8899579048156738,0.9263037443161011,0.8636842966079712,0.0936395451426506,0.9599897265434265,0.9370055198669434,0.9264293313026428,0.8639002442359924,0.09350086748600006,0.9602172374725342,0.9380465745925903,0.9225373864173889,0.8571369051933289,0.09856440126895905,0.9583199620246887,0.9362354278564453,0.9164946675300598,0.8467780351638794,0.10436287522315979,0.9548936486244202,0.9346816539764404,0.9073024988174438,0.8313249945640564,0.11570959538221359,0.9493515491485596,0.9276245832443237,0.8905391693115234,0.8036791086196899,0.13425862789154053,0.9384434223175049,0.9184585809707642,0.8635411262512207,0.7608206868171692,0.162622332572937,0.9228047728538513,0.8989212512969971
4,0.6952491402626038,1e-04,0.8746952414512634,0.9254522323608398,0.8625432252883911,0.10486139357089996,0.9691837430000305,0.9186694622039795,0.925372302532196,0.8624392151832581,0.10510304570198059,0.970280647277832,0.9176705479621887,0.9212914705276489,0.855350136756897,0.11178921908140182,0.9687517285346985,0.9115870594978333,0.9157401919364929,0.845894455909729,0.11901026219129562,0.9632765650749207,0.9130914211273193,0.9101517796516418,0.8364298939704895,0.12882372736930847,0.9576864838600159,0.9101912975311279,0.8999246954917908,0.8193007111549377,0.13809099793434143,0.9428131580352783,0.9171552658081055,0.875396728515625,0.7796710729598999,0.167016863822937,0.9230114221572876,0.9058203101158142,0.9381262063980103,0.8840397596359253,0.07845287770032883,0.9674376845359802,0.945004940032959,0.9380230903625488,0.8838682174682617,0.07829264551401138,0.9676655530929565,0.9459828734397888,0.9342366456985474,0.8771646022796631,0.08301062136888504,0.9657331705093384,0.9442371129989624,0.9282370805740356,0.8666776418685913,0.08873223513364792,0.9628034234046936,0.9418337345123291,0.919179379940033,0.8510925769805908,0.09963275492191315,0.9576734304428101,0.9356570243835449,0.902424156665802,0.8229150772094727,0.1181829422712326,0.9468560814857483,0.9266351461410522,0.8739796876907349,0.7769472599029541,0.14894500374794006,0.9302085638046265,0.907007098197937
5,0.6184919476509094,1e-04,0.8995898962020874,0.9297235608100891,0.8701772689819336,0.10824047774076462,0.9617271423339844,0.9331061244010925,0.9303253889083862,0.8712522387504578,0.10823073983192444,0.9635937213897705,0.9309735298156738,0.9251807928085327,0.8621909618377686,0.11449689418077469,0.9603131413459778,0.931048572063446,0.9176520109176636,0.84932541847229,0.12296003848314285,0.9542155265808105,0.9317715167999268,0.9086453318595886,0.8341988325119019,0.13224026560783386,0.9547888040542603,0.9164090156555176,0.8980222940444946,0.8163925409317017,0.14249224960803986,0.9462239742279053,0.9119012951850891,0.8710774779319763,0.773073673248291,0.17092929780483246,0.9326273202896118,0.8853006362915039,0.9467293620109558,0.8992288708686829,0.06772509217262268,0.9730744957923889,0.9500533938407898,0.9466965198516846,0.8991785049438477,0.06756600737571716,0.9731540083885193,0.9508166313171387,0.943317711353302,0.8930974006652832,0.07202448695898056,0.9713837504386902,0.9493887424468994,0.9373233318328857,0.8824417591094971,0.07793747633695602,0.9686303734779358,0.9468689560890198,0.9285691976547241,0.8671247959136963,0.08847644925117493,0.9632360935211182,0.9417986273765564,0.9124652147293091,0.8395642042160034,0.10636769980192184,0.9532023668289185,0.9325414299964905,0.8833343386650085,0.7917035222053528,0.1383950114250183,0.936012864112854,0.9130749106407166
6,0.606757402420044,1e-04,1.280634880065918,0.8883110880851746,0.8009036779403687,0.15150359272956848,0.9214110374450684,0.9345690011978149,0.8881305456161499,0.8006408214569092,0.14603373408317566,0.926827609539032,0.9324869513511658,0.8907150626182556,0.8046333193778992,0.1554904282093048,0.9229427576065063,0.9315847158432007,0.884016752243042,0.7938687205314636,0.18327093124389648,0.8987588286399841,0.9403320550918579,0.8880706429481506,0.8003841042518616,0.18703299760818481,0.9148648381233215,0.9175520539283752,0.8743635416030884,0.7783787846565247,0.22063758969306946,0.9071676731109619,0.9041261672973633,0.8523812890052795,0.7442469596862793,0.23666565120220184,0.8944567441940308,0.8879965543746948,0.948154628276825,0.9019842743873596,0.06607789546251297,0.9738001227378845,0.9506883025169373,0.9480732679367065,0.9018529653549194,0.06609784811735153,0.9740379452705383,0.9509323835372925,0.9448168873786926,0.8959473967552185,0.07055819779634476,0.9721617102622986,0.9499996304512024,0.9393565654754639,0.8861744999885559,0.07639782875776291,0.9693061709403992,0.9475207924842834,0.9305544495582581,0.8706884980201721,0.08687657117843628,0.964083194732666,0.9424332976341248,0.9147834181785583,0.8435715436935425,0.10441010445356369,0.953840434551239,0.9337476491928101,0.8857820630073547,0.795685887336731,0.13633893430233002,0.9369892477989197,0.914190948009491
7,0.6042949557304382,1e-04,0.8069339990615845,0.9326834678649902,0.8748127818107605,0.0921822190284729,0.9721250534057617,0.9326853156089783,0.9321306943893433,0.8738795518875122,0.09227451682090759,0.9736320972442627,0.9303907752037048,0.9267478585243225,0.8644744157791138,0.10148024559020996,0.9752941727638245,0.9168630838394165,0.9218908548355103,0.8560688495635986,0.10926512628793716,0.9684005379676819,0.9199706315994263,0.910792887210846,0.8372564315795898,0.12121645361185074,0.9656898975372314,0.907085657119751,0.904059112071991,0.8259241580963135,0.13031472265720367,0.9496354460716248,0.9182142615318298,0.8805364966392517,0.7876516580581665,0.1602005660533905,0.9273604154586792,0.9079495668411255,0.9487550258636475,0.9029489159584045,0.0650601014494896,0.9742872714996338,0.9509751200675964,0.9488149285316467,0.903061032295227,0.06498908251523972,0.9745316505432129,0.9513485431671143,0.945126473903656,0.896416425704956,0.06986614316701889,0.9725963473320007,0.9498361349105835,0.938949704170227,0.8854079842567444,0.07609293609857559,0.9694651365280151,0.9470871090888977,0.9294655323028564,0.8687674403190613,0.08683774620294571,0.9639665484428406,0.9420274496078491,0.913999080657959,0.8422398567199707,0.10472574084997177,0.9539297819137573,0.9325642585754395,0.8854084014892578,0.7951247096061707,0.13672304153442383,0.9368598461151123,0.9134424924850464
8,0.5431849360466003,1e-04,0.8943856954574585,0.9312664270401001,0.8725935220718384,0.10872449725866318,0.9639376401901245,0.930671751499176,0.9310965538024902,0.8723213076591492,0.10974589735269547,0.9654545187950134,0.9292237162590027,0.9267783164978027,0.8648123145103455,0.1165025606751442,0.9654865264892578,0.9202210903167725,0.920310378074646,0.8536714911460876,0.11939752846956253,0.9607709050178528,0.9187541007995605,0.9130035638809204,0.8413363099098206,0.13244126737117767,0.9568974375724792,0.9107345342636108,0.9066087603569031,0.8304619789123535,0.14003130793571472,0.9405011534690857,0.9225658774375916,0.8818471431732178,0.789935290813446,0.16754268109798431,0.9179055690765381,0.9134490489959717,0.9553034901618958,0.9147466421127319,0.05693816766142845,0.97833651304245,0.9546995162963867,0.9553166627883911,0.9147738814353943,0.05686401575803757,0.9784931540489197,0.9547271132469177,0.9518741369247437,0.9084900617599487,0.06144978106021881,0.9767677783966064,0.953625500202179,0.946101725101471,0.898054838180542,0.06770352274179459,0.9738802909851074,0.9510232210159302,0.9372100830078125,0.8822241425514221,0.07799050211906433,0.968705415725708,0.9463819861412048,0.9219464063644409,0.8556622862815857,0.09506526589393616,0.9590373635292053,0.9379469752311707,0.893381655216217,0.8079150319099426,0.1271732896566391,0.9422793388366699,0.9188058376312256
9,0.5222375988960266,1e-04,0.9190957546234131,0.9284215569496155,0.8676237463951111,0.11519867926836014,0.9817678928375244,0.9033252000808716,0.928598165512085,0.8679580688476562,0.11713957041501999,0.982319176197052,0.9024183750152588,0.9213626384735107,0.8553635478019714,0.11796974390745163,0.9807217717170715,0.8990061283111572,0.9110672473907471,0.8378406167030334,0.12388098984956741,0.9789367318153381,0.8914980888366699,0.8964625597000122,0.8136664628982544,0.1377115547657013,0.9756882786750793,0.8816083073616028,0.8916735649108887,0.8056302666664124,0.14277803897857666,0.9654772281646729,0.8830339908599854,0.8717303276062012,0.7737734317779541,0.16441696882247925,0.9522808790206909,0.8625388145446777,0.957521378993988,0.9188257455825806,0.05397557467222214,0.979614794254303,0.9560319781303406,0.9574753046035767,0.9187438488006592,0.05392651632428169,0.9797170758247375,0.9558169841766357,0.9540761709213257,0.9125228524208069,0.05858148634433746,0.978065013885498,0.9549375176429749,0.948388934135437,0.9021971225738525,0.06466025859117508,0.9751262664794922,0.9525944590568542,0.9396629929542542,0.88658207654953,0.07490181922912598,0.969815731048584,0.9481989145278931,0.9246729016304016,0.8603624701499939,0.09196634590625763,0.9603983163833618,0.9397585391998291,0.896244466304779,0.8125868439674377,0.12422534823417664,0.9438385963439941,0.9204199314117432
10,0.48932814598083496,1e-04,0.8338441252708435,0.9398507475852966,0.8875128030776978,0.09685280919075012,0.9796215295791626,0.9218698740005493,0.9400926232337952,0.8879590034484863,0.09758532047271729,0.9802640080451965,0.9204480051994324,0.932494044303894,0.874528169631958,0.10535898804664612,0.9801693558692932,0.9098851084709167,0.9257020950317383,0.862739622592926,0.11165957897901535,0.9749426245689392,0.9102630615234375,0.9154567122459412,0.8452609777450562,0.12687547504901886,0.9722576141357422,0.9010052680969238,0.9079097509384155,0.8324224948883057,0.1364724338054657,0.9607407450675964,0.9058688879013062,0.8845419883728027,0.7940593361854553,0.15903931856155396,0.9451189041137695,0.8868855237960815,0.9609894156455994,0.9251521229743958,0.049390628933906555,0.9821192026138306,0.958084762096405,0.9611362814903259,0.9254259467124939,0.04925178363919258,0.9823094606399536,0.9578247666358948,0.9576308131217957,0.9189611673355103,0.05376097932457924,0.9805817008018494,0.956993043422699,0.9520263671875,0.9087239503860474,0.05994356423616409,0.977532148361206,0.9546442031860352,0.9430233240127563,0.892512321472168,0.0703311488032341,0.97249436378479,0.950251042842865,0.9284053444862366,0.8667788505554199,0.08708545565605164,0.9632744193077087,0.9417458772659302,0.8992918729782104,0.8175769448280334,0.11956474184989929,0.9460353851318359,0.9239060878753662
11,0.4406008720397949,1e-04,0.8285811543464661,0.942438542842865,0.8921878337860107,0.10073059052228928,0.9767774343490601,0.9264539480209351,0.9428040385246277,0.8928490877151489,0.10070265084505081,0.9769308567047119,0.9258249998092651,0.9339454174041748,0.8771520256996155,0.10841298848390579,0.9777930974960327,0.914925754070282,0.9232151508331299,0.8585077524185181,0.11999943107366562,0.9771748781204224,0.9019992351531982,0.9152600169181824,0.8447942137718201,0.12200218439102173,0.9700585603713989,0.9027538895606995,0.9095820188522339,0.8349946737289429,0.12528233230113983,0.9550127983093262,0.9176558256149292,0.8869755864143372,0.7977954745292664,0.1514510065317154,0.9383828639984131,0.903754711151123,0.9661867022514343,0.9347513318061829,0.043089743703603745,0.9854310750961304,0.9610870480537415,0.9663293361663818,0.9350183010101318,0.042941220104694366,0.9855499267578125,0.9607911109924316,0.9629718661308289,0.9287607669830322,0.04713790863752365,0.9840357303619385,0.9599311351776123,0.9575040936470032,0.9186699986457825,0.05311167240142822,0.9811547994613647,0.9578748941421509,0.9489256143569946,0.9030557870864868,0.06313222646713257,0.9762537479400635,0.9536409974098206,0.9344474077224731,0.8772748708724976,0.07955905050039291,0.9671326875686646,0.9458858966827393,0.9059358239173889,0.8285073637962341,0.11162945628166199,0.9506071209907532,0.927882969379425
12,0.48520779609680176,1e-04,0.7995585203170776,0.9411340951919556,0.8897705078125,0.09331880509853363,0.9814057350158691,0.9206715226173401,0.9403717517852783,0.8884544372558594,0.09420451521873474,0.9824352264404297,0.9176390767097473,0.9353036284446716,0.8793948888778687,0.10244674980640411,0.9810640215873718,0.9114747047424316,0.9268171191215515,0.8645402789115906,0.11068855226039886,0.9775704741477966,0.907218337059021,0.9192966818809509,0.8515885472297668,0.11875243484973907,0.9722860455513,0.9033734798431396,0.9148987531661987,0.8439594507217407,0.12410011887550354,0.9537472724914551,0.9211839437484741,0.8909070491790771,0.8041608929634094,0.15604718029499054,0.9335972666740417,0.9061660766601562,0.9614876508712769,0.9262027144432068,0.049327701330184937,0.9824455380439758,0.9579892158508301,0.9614388346672058,0.9261160492897034,0.04934629797935486,0.9825753569602966,0.9575760960578918,0.9581478238105774,0.9200296401977539,0.05375639721751213,0.9808439016342163,0.9565958380699158,0.9529615640640259,0.9105109572410583,0.059580471366643906,0.9779590368270874,0.9545067548751831,0.9445221424102783,0.8952760100364685,0.06957817822694778,0.9730074405670166,0.9503819942474365,0.9302261471748352,0.8700251579284668,0.08590394258499146,0.9638423919677734,0.9425788521766663,0.9021941423416138,0.8223919868469238,0.11771445721387863,0.9470933675765991,0.9240052700042725
13,0.41963934898376465,1e-04,0.9875617027282715,0.9346477389335632,0.8790507316589355,0.12553976476192474,0.9876908659934998,0.893288254737854,0.9346848726272583,0.879132866859436,0.1251746565103531,0.9879830479621887,0.8929703831672668,0.9258760213851929,0.8637357354164124,0.13643665611743927,0.9874895215034485,0.8827317357063293,0.915627121925354,0.8461077213287354,0.1444144994020462,0.9854509830474854,0.874164342880249,0.9059203863143921,0.8296477198600769,0.14824262261390686,0.9818898439407349,0.8702647089958191,0.9004072546958923,0.8202105760574341,0.14554616808891296,0.9726141691207886,0.8788621425628662,0.8760040402412415,0.7805905938148499,0.16220726072788239,0.9559086561203003,0.8659394979476929,0.9683265089988708,0.9387488961219788,0.04028096795082092,0.9868261218070984,0.962007462978363,0.9684869050979614,0.9390496015548706,0.04016850143671036,0.986936628818512,0.961628794670105,0.9651733636856079,0.9328481554985046,0.04423286020755768,0.9854797720909119,0.9609040021896362,0.9597413539886475,0.9227761030197144,0.050283271819353104,0.9826589226722717,0.9587449431419373,0.9512765407562256,0.9073059558868408,0.05998637154698372,0.977914035320282,0.9547555446624756,0.9371716380119324,0.8820803761482239,0.07615958154201508,0.9691678881645203,0.9471275806427002,0.9084997177124023,0.8328011631965637,0.10852763801813126,0.9523100256919861,0.9292224645614624
14,0.39780136942863464,1e-04,0.7782772779464722,0.9483370780944824,0.9027227163314819,0.1015605628490448,0.9775926470756531,0.9233527183532715,0.9483829736709595,0.9028093218803406,0.10151088982820511,0.9779542684555054,0.9225444197654724,0.9442001581192017,0.8952595591545105,0.10017382353544235,0.9771037101745605,0.9198927283287048,0.9374682307243347,0.883276641368866,0.1023288369178772,0.972740113735199,0.920667827129364,0.930482029914856,0.8709714412689209,0.10992345958948135,0.96680748462677,0.9204317927360535,0.9186796545982361,0.8505279421806335,0.11808675527572632,0.9519926309585571,0.9279785752296448,0.892595648765564,0.8069696426391602,0.14469292759895325,0.9406284689903259,0.9017908573150635,0.9704693555831909,0.9427646994590759,0.03745348006486893,0.9881410598754883,0.9628143310546875,0.9706020951271057,0.9430168867111206,0.03731599450111389,0.9882128834724426,0.962456226348877,0.9673386216163635,0.936886727809906,0.041411399841308594,0.98670893907547,0.9618620872497559,0.9620795249938965,0.9270948171615601,0.047409575432538986,0.9839456677436829,0.9599191546440125,0.9540015459060669,0.9122557044029236,0.05695406720042229,0.9794054627418518,0.9561325311660767,0.9403610825538635,0.8877117037773132,0.07272472977638245,0.9706640243530273,0.9488862752914429,0.9122768044471741,0.8391221165657043,0.10453227907419205,0.9541642665863037,0.9314660429954529
15,0.40618565678596497,1e-04,0.8613375425338745,0.940412700176239,0.8888513445854187,0.10765624046325684,0.9691290855407715,0.9277769923210144,0.9405218958854675,0.8890604972839355,0.10711396485567093,0.969909131526947,0.926652729511261,0.9368809461593628,0.8825053572654724,0.1114288717508316,0.9684879779815674,0.9218792915344238,0.9281518459320068,0.8672200441360474,0.11637531220912933,0.9632030129432678,0.9205479621887207,0.922984778881073,0.8582141399383545,0.12144186347723007,0.9532325863838196,0.9246643781661987,0.913897693157196,0.8427820801734924,0.1352001279592514,0.9348250031471252,0.9324665665626526,0.8912959694862366,0.8053321242332458,0.16212108731269836,0.9171499013900757,0.9221941828727722,0.9696974158287048,0.9413290619850159,0.03859760984778404,0.9874346256256104,0.9624535441398621,0.9697533845901489,0.9414372444152832,0.03852006420493126,0.9875006675720215,0.9620128870010376,0.9665694236755371,0.9354657530784607,0.04265076667070389,0.9860838651657104,0.9614096283912659,0.9613936543464661,0.9258407354354858,0.04854019731283188,0.9832999110221863,0.9593577980995178,0.9532344341278076,0.9108718633651733,0.05813135579228401,0.9787312150001526,0.955534815788269,0.9395322203636169,0.8862528800964355,0.07401582598686218,0.970279335975647,0.9477296471595764,0.911766767501831,0.8382910490036011,0.10572987794876099,0.9537142515182495,0.9303475618362427
16,0.3894849121570587,1e-04,0.7687760591506958,0.9505611658096313,0.9066510796546936,0.09761324524879456,0.980319082736969,0.925937831401825,0.9503693580627441,0.9063088893890381,0.09683654457330704,0.9806364178657532,0.9248931407928467,0.9453412890434265,0.8972207307815552,0.09857627004384995,0.9792822003364563,0.9223166704177856,0.9381327629089355,0.8843607902526855,0.10325789451599121,0.9751158356666565,0.9211781620979309,0.9306979775428772,0.8712755441665649,0.10885420441627502,0.9690988659858704,0.9226713180541992,0.920438826084137,0.8534887433052063,0.11928845196962357,0.9560149908065796,0.9268335700035095,0.8939072489738464,0.8091420531272888,0.14434950053691864,0.9424803853034973,0.9049993753433228,0.9714313745498657,0.9445812106132507,0.036194369196891785,0.9884291887283325,0.9634432792663574,0.9715876579284668,0.9448769688606262,0.03608473390340805,0.9884763956069946,0.9630628228187561,0.9684187173843384,0.9389066100120544,0.04012253135442734,0.9871828556060791,0.962368369102478,0.9631633758544922,0.9290952086448669,0.04618455469608307,0.9844856262207031,0.960347592830658,0.9549084901809692,0.9138997197151184,0.055871520191431046,0.9799284338951111,0.9564527273178101,0.9413591027259827,0.8894718885421753,0.07156211137771606,0.9713726043701172,0.9491352438926697,0.9132670760154724,0.8407949805259705,0.10346516966819763,0.9549304246902466,0.9317074418067932
17,0.36609116196632385,1e-04,1.0831537246704102,0.9327465295791626,0.8758338689804077,0.1415683776140213,0.9771803617477417,0.9032405614852905,0.9330143332481384,0.8763135075569153,0.14217859506607056,0.9774068593978882,0.9027825593948364,0.925972044467926,0.8640645146369934,0.14862710237503052,0.9773454070091248,0.8942490816116333,0.9185568690299988,0.8512954115867615,0.1563546061515808,0.9745029211044312,0.8916358947753906,0.9101523756980896,0.8370213508605957,0.15976999700069427,0.9675840139389038,0.8908249735832214,0.9022240042686462,0.823494017124176,0.15709452331066132,0.9558213353157043,0.8978686332702637,0.8703368902206421,0.7720491290092468,0.17756028473377228,0.9484415650367737,0.8649466633796692,0.9737760424613953,0.9490100741386414,0.033444520086050034,0.9902990460395813,0.9640979766845703,0.973956823348999,0.9493509531021118,0.03331851214170456,0.9903076887130737,0.963782012462616,0.9709234237670898,0.9436107873916626,0.03715534508228302,0.9889885187149048,0.9633485078811646,0.9658005237579346,0.9340003728866577,0.04303855821490288,0.9861111044883728,0.9615941047668457,0.9578210711479187,0.919231653213501,0.05242960527539253,0.9816834926605225,0.9581339955329895,0.9445173740386963,0.8951067924499512,0.0677298754453659,0.9735720157623291,0.9511094093322754,0.9170591235160828,0.8472121953964233,0.09897484630346298,0.9572184085845947,0.9341862797737122
18,0.356330931186676,1e-04,0.7797973155975342,0.9500453472137451,0.9059404730796814,0.09318810701370239,0.9760417938232422,0.9346155524253845,0.9501315355300903,0.9061074256896973,0.0928943082690239,0.9763520359992981,0.9333346486091614,0.9461674094200134,0.8989500999450684,0.1025138646364212,0.976451575756073,0.9298784136772156,0.9384080767631531,0.8851580619812012,0.10839517414569855,0.973620593547821,0.9253799319267273,0.930669903755188,0.8715537190437317,0.11414110660552979,0.9691140055656433,0.9202809929847717,0.9221594929695129,0.8566360473632812,0.12241435050964355,0.9552209973335266,0.9284917116165161,0.8953105211257935,0.8115444779396057,0.1462504267692566,0.9358305335044861,0.9173615574836731,0.9747252464294434,0.9507977962493896,0.03206360340118408,0.9907987713813782,0.9646791219711304,0.974860668182373,0.9510560035705566,0.0319543182849884,0.9908021688461304,0.9643562436103821,0.9717980027198792,0.9452507495880127,0.03586563095450401,0.9894987940788269,0.9638497233390808,0.9668281674385071,0.9359102845191956,0.04169565811753273,0.9869242906570435,0.9620112180709839,0.9587181806564331,0.9208722114562988,0.05108261853456497,0.9824317693710327,0.9584355354309082,0.9457433819770813,0.8972979187965393,0.06625177711248398,0.9742175340652466,0.9515402913093567,0.9183440804481506,0.8493995070457458,0.09741735458374023,0.9580649137496948,0.9348836541175842
19,0.4182431399822235,1e-04,0.9183992147445679,0.9326333999633789,0.8755488395690918,0.10416744649410248,0.9782029390335083,0.9054442048072815,0.9330305457115173,0.8762374520301819,0.10676511377096176,0.9788432717323303,0.9030566811561584,0.9267036318778992,0.8651257157325745,0.123891681432724,0.9807592034339905,0.8924937844276428,0.91937255859375,0.8525628447532654,0.12980471551418304,0.973918080329895,0.8925195336341858,0.9094663858413696,0.8356518149375916,0.13917535543441772,0.9700738191604614,0.8852196931838989,0.9016627073287964,0.822603166103363,0.1442503035068512,0.9622063636779785,0.8893859386444092,0.8786932826042175,0.7852555513381958,0.17034456133842468,0.9421790838241577,0.8804115653038025,0.9684731960296631,0.9392384886741638,0.040551528334617615,0.9865766167640686,0.961094856262207,0.9682633876800537,0.9388608932495117,0.040696848183870316,0.9866407513618469,0.9604421257972717,0.9654930830001831,0.9336435794830322,0.044637568295001984,0.9851836562156677,0.9599878191947937,0.960676908493042,0.924680233001709,0.05048813298344612,0.9825245141983032,0.9582442045211792,0.9523071646690369,0.9093568921089172,0.060256171971559525,0.9775382876396179,0.9546357989311218,0.9390702247619629,0.8856016993522644,0.07555785775184631,0.9691804051399231,0.9472420811653137,0.9125857353210449,0.8397926092147827,0.10605467855930328,0.9529847502708435,0.9306257367134094
20,0.3480752110481262,1e-04,0.688579261302948,0.9574940800666809,0.9191562533378601,0.08728351444005966,0.9814859628677368,0.9305830597877502,0.9578033089637756,0.9197259545326233,0.08710671216249466,0.9815966486930847,0.9303499460220337,0.9547249674797058,0.914034366607666,0.08810172230005264,0.9800017476081848,0.9305639266967773,0.948171079158783,0.902106523513794,0.08889836817979813,0.9770406484603882,0.9277137517929077,0.940885603427887,0.8890140652656555,0.09768975526094437,0.9718221426010132,0.9284325838088989,0.9283566474914551,0.8669708967208862,0.10674003511667252,0.9628090262413025,0.9271448254585266,0.9015395045280457,0.8214756846427917,0.13275906443595886,0.9447724223136902,0.9141432642936707,0.9753861427307129,0.9520646333694458,0.031005319207906723,0.9913556575775146,0.9648948907852173,0.9757115244865417,0.9526805281639099,0.03092692419886589,0.9913883805274963,0.9644889235496521,0.9724178910255432,0.9464359879493713,0.034715309739112854,0.990122377872467,0.9638890624046326,0.967278003692627,0.9367713928222656,0.040393102914094925,0.9875164031982422,0.9623485207557678,0.9591902494430542,0.9217662811279297,0.049838025122880936,0.9830886125564575,0.9589452147483826,0.9461628198623657,0.8980668187141418,0.06503961980342865,0.9750320911407471,0.9520700573921204,0.9186307191848755,0.8499019742012024,0.09615746140480042,0.9586426615715027,0.9357496500015259
21,0.32616126537323,1e-04,0.860949695110321,0.941868782043457,0.8916949033737183,0.10771213471889496,0.9723995327949524,0.9222503900527954,0.9405403733253479,0.8893623352050781,0.10790297389030457,0.9731079339981079,0.9197072982788086,0.9364071488380432,0.8820216059684753,0.11416317522525787,0.9734593629837036,0.9128627777099609,0.9331408143043518,0.8762029409408569,0.11312641203403473,0.9655896425247192,0.9204736351966858,0.9229748845100403,0.8585118055343628,0.12291427701711655,0.9619543552398682,0.9125382900238037,0.9106427431106567,0.837334394454956,0.13440924882888794,0.9475002884864807,0.9192930459976196,0.8851324915885925,0.7952587604522705,0.16072146594524384,0.9244391322135925,0.913959264755249,0.9774124622344971,0.9559568762779236,0.02859397977590561,0.9924024939537048,0.9658495783805847,0.9775843620300293,0.9562892913818359,0.028526151552796364,0.9923926591873169,0.9655303359031677,0.9748306274414062,0.9510277509689331,0.03202822431921959,0.9913962483406067,0.9650171995162964,0.9701866507530212,0.9422423243522644,0.037368953227996826,0.9890778064727783,0.9634665250778198,0.9625075459480286,0.9279068112373352,0.04641808196902275,0.9846788048744202,0.9602406024932861,0.9496467113494873,0.9043635129928589,0.06132207438349724,0.9769536852836609,0.9536544680595398,0.922758936882019,0.8569800853729248,0.09190341830253601,0.9606723189353943,0.937780499458313
22,0.3431515693664551,1e-04,0.6186126470565796,0.9605191946029663,0.924597978591919,0.07413706928491592,0.9832547307014465,0.9368870258331299,0.9607002139091492,0.9249333143234253,0.07382836192846298,0.9833146929740906,0.9365209937095642,0.9572704434394836,0.918560802936554,0.07662961632013321,0.9814388751983643,0.9360695481300354,0.9511706829071045,0.9074232578277588,0.07968921214342117,0.9778364896774292,0.9354202747344971,0.9437035918235779,0.8939703106880188,0.08640468120574951,0.9712343215942383,0.9356390237808228,0.9308145046234131,0.8711998462677002,0.0988427996635437,0.9613288044929504,0.9337977766990662,0.9029911756515503,0.8238680958747864,0.1290808916091919,0.9408596754074097,0.920674741268158,0.9758226275444031,0.9529288411140442,0.030428115278482437,0.9914408326148987,0.9649822115898132,0.9759246110916138,0.9531304836273193,0.030366480350494385,0.9914301037788391,0.9646230936050415,0.9727930426597595,0.9471842646598816,0.03416619077324867,0.990256667137146,0.9640958309173584,0.96797114610672,0.9380996823310852,0.039808131754398346,0.9877526760101318,0.9622934460639954,0.9601470232009888,0.9235540628433228,0.04904717952013016,0.9832615256309509,0.9589992165565491,0.9472194314002991,0.8999993205070496,0.06420879811048508,0.9752416014671326,0.9520785212516785,0.9204972982406616,0.8531219959259033,0.09512654691934586,0.9591273069381714,0.935700535774231
23,0.3052758276462555,1e-04,0.7543023228645325,0.954379677772522,0.9135067462921143,0.09543764591217041,0.9803813695907593,0.929118812084198,0.9544355869293213,0.91361004114151,0.09428967535495758,0.9805712699890137,0.9289101958274841,0.951202392578125,0.9077237248420715,0.10081638395786285,0.9802504181861877,0.9269379377365112,0.9453098773956299,0.8970909118652344,0.10226304084062576,0.9784252047538757,0.9241731762886047,0.9387052655220032,0.8852994441986084,0.10660243779420853,0.9733515977859497,0.9242119193077087,0.9262567758560181,0.863443911075592,0.11600980907678604,0.9640127420425415,0.9227527976036072,0.8990005850791931,0.8173628449440002,0.1388833224773407,0.9452558159828186,0.9104322195053101,0.9795045256614685,0.9598893523216248,0.025865206494927406,0.9937069416046143,0.9667204022407532,0.9796555042266846,0.9601795673370361,0.025766082108020782,0.9936761260032654,0.9664658904075623,0.9768140912055969,0.9547449946403503,0.029255075380206108,0.9925888180732727,0.9660212993621826,0.9722758531570435,0.9461261630058289,0.034534282982349396,0.9904206395149231,0.9646119475364685,0.9647828936576843,0.9320724010467529,0.0433930829167366,0.9862968921661377,0.9614731669425964,0.9522631764411926,0.9090399146080017,0.05807535722851753,0.9786546230316162,0.9550970196723938,0.9258190989494324,0.8621986508369446,0.08838695287704468,0.962724506855011,0.9392731189727783
24,0.38783276081085205,1e-04,0.7021764516830444,0.9545501470565796,0.9137865900993347,0.08496532589197159,0.9760909080505371,0.9383428692817688,0.9547091126441956,0.9140807390213013,0.08352614939212799,0.976658284664154,0.9372509717941284,0.9517222046852112,0.9085764288902283,0.08704561740159988,0.9738647937774658,0.9379477500915527,0.9457898139953613,0.8978891968727112,0.09240546822547913,0.9696656465530396,0.9391369819641113,0.9385381937026978,0.8849396705627441,0.09993419796228409,0.962975263595581,0.9391694068908691,0.9256241917610168,0.8623821139335632,0.11388421803712845,0.9525579214096069,0.9377129673957825,0.9002237915992737,0.81944340467453,0.14041534066200256,0.9375560283660889,0.9213285446166992,0.9714317321777344,0.9448686838150024,0.036812812089920044,0.9887592196464539,0.9623355865478516,0.9714245796203613,0.9448660612106323,0.03692806139588356,0.988717794418335,0.9619874954223633,0.9685653448104858,0.9394510388374329,0.04084916040301323,0.9873631596565247,0.9613074064254761,0.9641028046607971,0.9310760498046875,0.04642007499933243,0.9849160313606262,0.9595731496810913,0.9561740756034851,0.9164438843727112,0.05575406923890114,0.9802616238594055,0.9561220407485962,0.9435336589813232,0.8935682773590088,0.07053593546152115,0.9722645878791809,0.9491968154907227,0.9178730249404907,0.8487635850906372,0.1005328893661499,0.9563164114952087,0.9325070977210999
25,0.319511741399765,1e-04,0.6749486923217773,0.9613264799118042,0.9261489510536194,0.08650991320610046,0.9783082604408264,0.9408698081970215,0.9616185426712036,0.9266913533210754,0.08621243387460709,0.9784885048866272,0.9405501484870911,0.9591454267501831,0.9220821261405945,0.08770015835762024,0.9772474765777588,0.9400989413261414,0.9538841843605042,0.9124137163162231,0.08814653754234314,0.9739861488342285,0.9398033618927002,0.9464988112449646,0.8990106582641602,0.09336317330598831,0.9686030745506287,0.9393481016159058,0.9338765144348145,0.8765696287155151,0.101777084171772,0.9613386988639832,0.935022234916687,0.9060816764831543,0.8289842009544373,0.1312393844127655,0.9391337037086487,0.9278577566146851,0.978173017501831,0.9573516845703125,0.027409689500927925,0.9929001331329346,0.9661774039268494,0.9784238338470459,0.9578306078910828,0.02733791619539261,0.9929220676422119,0.9657832384109497,0.9753433465957642,0.951955258846283,0.03092125803232193,0.9918005466461182,0.9653202891349792,0.970429539680481,0.9426588416099548,0.03648267313838005,0.9894289970397949,0.9637808203697205,0.9625948667526245,0.928027868270874,0.04565639793872833,0.9850560426712036,0.9603492021560669,0.9497686624526978,0.9045414328575134,0.06053290143609047,0.9771560430526733,0.953840970993042,0.9227997660636902,0.8570353388786316,0.09117045998573303,0.9609372019767761,0.9379468560218811
26,0.2836216688156128,1e-04,0.7114942073822021,0.954147458076477,0.9132096767425537,0.09025294333696365,0.9808075428009033,0.9292901754379272,0.954299807548523,0.913493812084198,0.09062070399522781,0.9810375571250916,0.9285417795181274,0.9505770206451416,0.9067389965057373,0.09873829782009125,0.9816843867301941,0.9218739867210388,0.9455567598342896,0.897663950920105,0.09828300774097443,0.9789586663246155,0.9214606285095215,0.9396080374717712,0.8869013786315918,0.09830805659294128,0.9731665849685669,0.9230530261993408,0.9294885396957397,0.8689829111099243,0.10413201153278351,0.960760235786438,0.9304792284965515,0.9009802937507629,0.8206542134284973,0.13115903735160828,0.940907895565033,0.9193747043609619,0.9815661311149597,0.9638380408287048,0.023205533623695374,0.9949992895126343,0.9676477909088135,0.9817909002304077,0.9642699956893921,0.02311514876782894,0.9949720501899719,0.9673784375190735,0.978994607925415,0.9588993787765503,0.026383329182863235,0.9939939379692078,0.9670723080635071,0.9744652509689331,0.9502593278884888,0.03148055821657181,0.9919289350509644,0.9656679034233093,0.9670876264572144,0.9363583922386169,0.04017098620533943,0.9879800081253052,0.9625657796859741,0.95478755235672,0.9136239290237427,0.05459767207503319,0.9805032014846802,0.9563944935798645,0.9284753799438477,0.866788923740387,0.0846683531999588,0.9646890163421631,0.9411178827285767
27,0.31536465883255005,1e-04,0.8243401050567627,0.952136218547821,0.9096308350563049,0.1004081666469574,0.9822486639022827,0.9257756471633911,0.9525144696235657,0.9103124141693115,0.09813736379146576,0.9820756316184998,0.9263911247253418,0.9513477683067322,0.9081025123596191,0.10258264094591141,0.9796963930130005,0.9304652214050293,0.9444807767868042,0.8957494497299194,0.10710346698760986,0.9781138300895691,0.9247018098831177,0.9376903176307678,0.8836097121238708,0.12047114223241806,0.9717060923576355,0.9242879152297974,0.9249717593193054,0.8614259958267212,0.13415434956550598,0.9622559547424316,0.9186088442802429,0.8989507555961609,0.8175555467605591,0.16148312389850616,0.9495714902877808,0.8937849402427673,0.9783180952072144,0.9576892852783203,0.027512410655617714,0.9929360151290894,0.9658239483833313,0.9784419536590576,0.9579251408576965,0.027463963255286217,0.9928873181343079,0.9655472636222839,0.9757656455039978,0.9528116583824158,0.03094099834561348,0.9918556809425354,0.9650160670280457,0.9713470339775085,0.9444326162338257,0.036256011575460434,0.9896848201751709,0.9635404944419861,0.9639613628387451,0.9306026101112366,0.04497287794947624,0.985612690448761,0.960530161857605,0.9518406987190247,0.9083291292190552,0.05923933908343315,0.9781556129455566,0.9540786147117615,0.9261845350265503,0.8628740906715393,0.08897896111011505,0.9623280763626099,0.9386621117591858
28,0.29898300766944885,1e-05,0.6320586800575256,0.963358998298645,0.9299265146255493,0.07972365617752075,0.9827813506126404,0.9383314251899719,0.9636257886886597,0.9304284453392029,0.0794689953327179,0.9828072190284729,0.9380446076393127,0.959582507610321,0.9228857159614563,0.0798201784491539,0.9817558526992798,0.9362520575523376,0.9545919299125671,0.9136901497840881,0.08055226504802704,0.978877067565918,0.9358072876930237,0.9467275142669678,0.8993874192237854,0.08751694858074188,0.9751935601234436,0.9324576258659363,0.934006929397583,0.8767591118812561,0.09816024452447891,0.9672313332557678,0.9281499981880188,0.9070972800254822,0.83062344789505,0.12681645154953003,0.9511645436286926,0.91158527135849,0.9803318381309509,0.9614806175231934,0.02470299042761326,0.9941801428794861,0.9672558307647705,0.9804959893226624,0.961796224117279,0.024607732892036438,0.994189977645874,0.9669783711433411,0.9772989749908447,0.9556748867034912,0.02812061458826065,0.993172824382782,0.9662531614303589,0.9724062085151672,0.9463780522346497,0.033523090183734894,0.9909943342208862,0.964890718460083,0.9645872712135315,0.9317139983177185,0.04270758107304573,0.986768364906311,0.9616091251373291,0.9518442153930664,0.9082916378974915,0.05749113857746124,0.9789353609085083,0.9553778767585754,0.92640620470047,0.8632357120513916,0.08782994002103806,0.9628663063049316,0.9395700693130493
29,0.2746240496635437,1e-05,0.6466498970985413,0.9641374945640564,0.9313510060310364,0.08399539440870285,0.9835516214370728,0.9383226633071899,0.9644407033920288,0.9319193363189697,0.08395469933748245,0.9836068153381348,0.938084065914154,0.9606024622917175,0.9247592091560364,0.08363249897956848,0.9824485778808594,0.9361619353294373,0.9557706117630005,0.9158387184143066,0.0829075500369072,0.9795969724655151,0.9355030059814453,0.9480012059211731,0.9016684293746948,0.08858798444271088,0.9758996367454529,0.9319895505905151,0.9356465339660645,0.8796241283416748,0.09792648255825043,0.9682849049568176,0.9277485609054565,0.9079605937004089,0.8320571780204773,0.12564533948898315,0.9522506594657898,0.9106443524360657,0.9826341271400452,0.9658945202827454,0.021669073030352592,0.9955867528915405,0.968126654624939,0.9828559756278992,0.9663244485855103,0.02158098854124546,0.9955819249153137,0.9678924083709717,0.979758620262146,0.9603617787361145,0.02496451511979103,0.9946267604827881,0.9673892855644226,0.9751334190368652,0.9515283703804016,0.03013160079717636,0.9926195740699768,0.9660773873329163,0.9675356149673462,0.9371963739395142,0.038993895053863525,0.9885950684547424,0.9630506038665771,0.9549099206924438,0.9138500690460205,0.05353197082877159,0.981015145778656,0.9567910432815552,0.9288126230239868,0.8673848509788513,0.08375212550163269,0.9650911092758179,0.9413893818855286
30,0.2648746967315674,1e-05,0.6540352702140808,0.9646289944648743,0.9322476387023926,0.08619187772274017,0.9840512275695801,0.9381460547447205,0.9649373292922974,0.9328241348266602,0.08612313121557236,0.984129011631012,0.9379367828369141,0.9612759351730347,0.9259973168373108,0.08596920967102051,0.9830441474914551,0.9361300468444824,0.9564555287361145,0.9170895218849182,0.0846564769744873,0.9803428053855896,0.9350051879882812,0.948865532875061,0.9032219648361206,0.08906067162752151,0.9766865372657776,0.9315264225006104,0.936739444732666,0.8815405964851379,0.09753735363483429,0.9691135287284851,0.927581787109375,0.9088544249534607,0.8335449695587158,0.12449664622545242,0.9534107446670532,0.9104115962982178,0.9835019707679749,0.9675655364990234,0.020595688372850418,0.9961370229721069,0.9684562683105469,0.9837279915809631,0.9680054783821106,0.02051333338022232,0.9961186051368713,0.9682314395904541,0.9807925820350647,0.9623439908027649,0.0237764660269022,0.9952086210250854,0.9678566455841064,0.9763352274894714,0.953810453414917,0.028797229751944542,0.9932641386985779,0.9665573239326477,0.9689047336578369,0.9397574663162231,0.03749615699052811,0.9893355965614319,0.9635906219482422,0.9565464854240417,0.9168382883071899,0.051831696182489395,0.9818831086158752,0.9574507474899292,0.9303432106971741,0.8700422644615173,0.08186403661966324,0.9660777449607849,0.9422980546951294
31,0.2582028806209564,1e-05,0.6665578484535217,0.9649848937988281,0.9328967332839966,0.08919510990381241,0.9846640229225159,0.9375686049461365,0.9652723073959351,0.9334344267845154,0.08895893394947052,0.9847061634063721,0.9374086260795593,0.9617093205451965,0.9267916083335876,0.08881094306707382,0.9834015965461731,0.9360159039497375,0.9568477869033813,0.9178089499473572,0.0870664045214653,0.9806132912635803,0.934772253036499,0.9494364857673645,0.9042580723762512,0.09045714139938354,0.9770849347114563,0.9314479231834412,0.9374536871910095,0.8828062415122986,0.09814291447401047,0.9698600769042969,0.9271241426467896,0.9095370769500732,0.8346928954124451,0.12392650544643402,0.9542242288589478,0.9101197123527527,0.9840764403343201,0.9686737060546875,0.01989869587123394,0.9965027570724487,0.968607485294342,0.9842811226844788,0.9690743684768677,0.019816994667053223,0.9964689612388611,0.9683920741081238,0.9814490675926208,0.9636061787605286,0.022994380444288254,0.9955748319625854,0.9681380987167358,0.9770993590354919,0.9552664160728455,0.027920043095946312,0.9936721920967102,0.9668712615966797,0.9697921276092529,0.9414243698120117,0.036491621285676956,0.9898251891136169,0.9639236330986023,0.9576750993728638,0.9189051985740662,0.050640303641557693,0.9825387001037598,0.9578870534896851,0.9315654039382935,0.8721692562103271,0.08044051378965378,0.9668795466423035,0.9428860545158386
32,0.2527255713939667,1e-05,0.6716970801353455,0.9653826355934143,0.9336214661598206,0.09105861186981201,0.9848299622535706,0.9375184178352356,0.9656474590301514,0.9341170191764832,0.09065090864896774,0.9848586320877075,0.9373977780342102,0.9622048735618591,0.9276940822601318,0.09024003148078918,0.983713686466217,0.9361180067062378,0.9573933482170105,0.9187960624694824,0.08791595697402954,0.9809202551841736,0.9349757432937622,0.9501197934150696,0.9054819345474243,0.09060820192098618,0.9772709608078003,0.9320657253265381,0.9382385015487671,0.8841858506202698,0.09795301407575607,0.9701852798461914,0.9271643161773682,0.9103871583938599,0.8361145257949829,0.12327037006616592,0.9548478722572327,0.9104971885681152,0.9845243096351624,0.9695422053337097,0.019355593249201775,0.9967719912528992,0.9687331318855286,0.9847111701965332,0.9699032306671143,0.0192725732922554,0.9967358708381653,0.9685323238372803,0.9819568991661072,0.9645808339118958,0.022381039336323738,0.9958654046058655,0.9683197736740112,0.9777020812034607,0.9564157128334045,0.02721942588686943,0.99400395154953,0.9671019315719604,0.9705146551132202,0.9427812695503235,0.03566134721040726,0.990227997303009,0.9642086029052734,0.9585714340209961,0.9205531477928162,0.04965294152498245,0.983064591884613,0.9582604169845581,0.9326429963111877,0.8740520477294922,0.07918266952037811,0.9675209522247314,0.943421483039856
33,0.24816875159740448,1e-06,0.6594449877738953,0.9658978581428528,0.934569239616394,0.08959752321243286,0.984231173992157,0.9386377930641174,0.9661323428153992,0.9350085258483887,0.08901037275791168,0.9842604994773865,0.9385159611701965,0.9626420736312866,0.9284834265708923,0.08775044977664948,0.983001708984375,0.9374257326126099,0.9579938650131226,0.9198684692382812,0.08530831336975098,0.9802427291870117,0.9364122152328491,0.9507446885108948,0.9065783619880676,0.08853022754192352,0.9765760898590088,0.9337754845619202,0.9386426210403442,0.8848720192909241,0.0966351255774498,0.9694735407829285,0.9289008975028992,0.9108863472938538,0.8369420766830444,0.122612863779068,0.9535439014434814,0.912651002407074,0.9848134517669678,0.9701011776924133,0.018879907205700874,0.9969719052314758,0.9689300656318665,0.9850020408630371,0.9704673886299133,0.018791979178786278,0.9969321489334106,0.9687448740005493,0.9823181629180908,0.9652784466743469,0.02185400389134884,0.996090829372406,0.9685885906219482,0.9781051874160767,0.9571846127510071,0.02662399411201477,0.9942962527275085,0.9673928022384644,0.9709898829460144,0.9436756372451782,0.03496968373656273,0.9906237125396729,0.9644800424575806,0.9591611623764038,0.921638011932373,0.048856720328330994,0.9835780262947083,0.9584509134292603,0.933398425579071,0.8753727674484253,0.07819236069917679,0.9682194590568542,0.943510890007019
34,0.24724137783050537,1e-06,0.6610193848609924,0.9659337997436523,0.9346333146095276,0.09020859748125076,0.9842265844345093,0.9385793805122375,0.9661563634872437,0.9350506067276001,0.08953121304512024,0.9842535257339478,0.9384624361991882,0.9626646041870117,0.9285227060317993,0.08799908310174942,0.9830430746078491,0.9373497366905212,0.9580332040786743,0.9199370741844177,0.08544349670410156,0.9802531003952026,0.9363304376602173,0.9507994055747986,0.9066745638847351,0.08854176849126816,0.9765528440475464,0.9337835311889648,0.9386690258979797,0.8849172592163086,0.0966745987534523,0.9695032835006714,0.9288349747657776,0.910899817943573,0.8369645476341248,0.12262051552534103,0.9535893201828003,0.9125776290893555,0.9849438071250916,0.9703548550605774,0.018783845007419586,0.9970447421073914,0.9688758850097656,0.9851107597351074,0.9706788659095764,0.01870056241750717,0.9970049262046814,0.9686851501464844,0.9824012517929077,0.9654359817504883,0.02174839936196804,0.996155858039856,0.9685155153274536,0.9782094955444336,0.9573844075202942,0.026506679132580757,0.9943467974662781,0.9673557281494141,0.971096396446228,0.943877100944519,0.0348292738199234,0.9906373620033264,0.9645063877105713,0.9592731595039368,0.9218427538871765,0.048685748130083084,0.9835767149925232,0.9586299657821655,0.9334936738014221,0.8755403161048889,0.07798708975315094,0.9681644439697266,0.9438740015029907
35,0.24661439657211304,1e-06,0.6619448661804199,0.9659550189971924,0.9346706867218018,0.09052396565675735,0.9842120409011841,0.9385866522789001,0.9661738872528076,0.9350813031196594,0.08980750292539597,0.9842429757118225,0.9384672045707703,0.9626980423927307,0.9285814762115479,0.08817645162343979,0.9830589294433594,0.9373198747634888,0.9580810070037842,0.9200218319892883,0.08556310087442398,0.9802619218826294,0.9363062977790833,0.9508698582649231,0.9068000912666321,0.08858194947242737,0.9765424728393555,0.9338269233703613,0.9387388229370117,0.885039746761322,0.09669830650091171,0.9695228934288025,0.9288351535797119,0.9109799861907959,0.8370993137359619,0.1225934848189354,0.9536391496658325,0.912614107131958,0.9850122928619385,0.9704878926277161,0.018724819645285606,0.9970722198486328,0.9688934683799744,0.9851726293563843,0.9707992672920227,0.018641656264662743,0.9970314502716064,0.9687017202377319,0.9824689030647278,0.9655665159225464,0.021679192781448364,0.9961878061294556,0.968532383441925,0.9782916903495789,0.9575426578521729,0.026428010314702988,0.9943857192993164,0.967376172542572,0.9711905717849731,0.9440536499023438,0.03473459184169769,0.9906756281852722,0.9645233750343323,0.9593813419342041,0.922041654586792,0.04856868460774422,0.9836382865905762,0.9586591720581055,0.9336097240447998,0.8757433295249939,0.07783733308315277,0.9682421088218689,0.9439310431480408
36,0.2460310310125351,1e-06,0.6622278690338135,0.9659740924835205,0.934703528881073,0.09065943211317062,0.9842221736907959,0.9385944604873657,0.9661906361579895,0.9351096153259277,0.08992178738117218,0.9842464923858643,0.9384764432907104,0.9627321362495422,0.9286412000656128,0.08825899660587311,0.983062207698822,0.9373207092285156,0.9581321477890015,0.9201122522354126,0.08561060577630997,0.980265736579895,0.9362939596176147,0.9509425759315491,0.9069287180900574,0.0885663852095604,0.9765491485595703,0.9339044094085693,0.9388118386268616,0.8851670026779175,0.09667178243398666,0.9695510864257812,0.928838312625885,0.9110680818557739,0.8372474908828735,0.12253869324922562,0.9536880850791931,0.9126373529434204,0.985061526298523,0.9705823063850403,0.018670829012989998,0.997096836566925,0.9689094424247742,0.9852192401885986,0.970888614654541,0.018587473779916763,0.997056245803833,0.968716561794281,0.9825255274772644,0.9656780362129211,0.021616145968437195,0.9962183833122253,0.9685475826263428,0.9783624410629272,0.9576799273490906,0.026355545967817307,0.9944214820861816,0.9673980474472046,0.9712758660316467,0.9442154169082642,0.03464670479297638,0.9907150864601135,0.964545488357544,0.9594821929931641,0.922229528427124,0.048460375517606735,0.9836889505386353,0.9586985111236572,0.933732807636261,0.8759599924087524,0.0776938647031784,0.9683064818382263,0.9440013766288757
37,0.24547366797924042,1e-06,0.6628134846687317,0.9659848809242249,0.9347225427627563,0.0908450111746788,0.9842215776443481,0.9385714530944824,0.966200053691864,0.9351255297660828,0.09009148925542831,0.9842478036880493,0.9384598731994629,0.9627569317817688,0.9286854267120361,0.08840585500001907,0.983065664768219,0.9372933506965637,0.9581731557846069,0.9201859831809998,0.0857175812125206,0.9802841544151306,0.9362683892250061,0.9510084986686707,0.9070463180541992,0.08859409391880035,0.9765651822090149,0.933946430683136,0.9388893246650696,0.8853026032447815,0.0966731458902359,0.9695788621902466,0.9288384914398193,0.911166787147522,0.8374131917953491,0.1224864199757576,0.9537094235420227,0.9127086997032166,0.985105037689209,0.9706672430038452,0.01861947774887085,0.9971204996109009,0.9689232707023621,0.9852602481842041,0.9709680080413818,0.01853630319237709,0.9970792531967163,0.9687297344207764,0.9825773239135742,0.965776801109314,0.021556561812758446,0.9962469339370728,0.9685620069503784,0.9784278273582458,0.9578012824058533,0.026286423206329346,0.9944553375244141,0.9674165844917297,0.9713530540466309,0.9443621635437012,0.03456234931945801,0.9907549619674683,0.9645722508430481,0.9595803022384644,0.9224070310592651,0.04835706576704979,0.9837437272071838,0.9587340950965881,0.9338542819023132,0.8761712908744812,0.07755552977323532,0.9683734178543091,0.9440631866455078
38,0.24485713243484497,1e-07,0.6623325347900391,0.9660582542419434,0.9348592162132263,0.09078510850667953,0.9841219782829285,0.9389086365699768,0.966273844242096,0.9352632761001587,0.09002810716629028,0.9841394424438477,0.9387916922569275,0.962845504283905,0.9288482069969177,0.08831324428319931,0.9829495549201965,0.9376596212387085,0.9582780003547668,0.920373797416687,0.08560838550329208,0.9801820516586304,0.9366333484649658,0.9511092901229858,0.9072254300117493,0.08856013417243958,0.9764722585678101,0.9343042373657227,0.9389767646789551,0.8854554295539856,0.09662376344203949,0.9694461822509766,0.9292011260986328,0.9112715125083923,0.8375892043113708,0.1224137395620346,0.953454852104187,0.9132199883460999,0.9851602911949158,0.9707752466201782,0.018557492643594742,0.9971622228622437,0.9689249396324158,0.9853172898292542,0.971077024936676,0.018474936485290527,0.9971207976341248,0.9687345027923584,0.9826177358627319,0.9658581614494324,0.021486546844244003,0.9963221549987793,0.9684786200523376,0.9784626960754395,0.9578683376312256,0.026207203045487404,0.9945682883262634,0.9672597050666809,0.9713875651359558,0.9444261789321899,0.03447039797902107,0.9909306168556213,0.9642732739448547,0.9596309065818787,0.922502338886261,0.04824487119913101,0.9839791059494019,0.9583942890167236,0.9339371919631958,0.8763152956962585,0.07741542905569077,0.9686218500137329,0.9438035488128662
39,0.2447805255651474,1e-07,0.6618726253509521,0.9660844206809998,0.934907078742981,0.09068026393651962,0.9840945601463318,0.9389926195144653,0.9663001298904419,0.935311496257782,0.0899212434887886,0.9841136336326599,0.9388796091079712,0.9628821015357971,0.928914487361908,0.08821135014295578,0.9829145073890686,0.9377660751342773,0.9583233594894409,0.920456051826477,0.08553212881088257,0.9801323413848877,0.9367898106575012,0.9511569142341614,0.9073109030723572,0.08851910382509232,0.9763955473899841,0.9345172047615051,0.9390161633491516,0.8855243921279907,0.09660109132528305,0.9693486094474792,0.9293999075889587,0.9113041162490845,0.8376436829566956,0.1224074438214302,0.9533928036689758,0.9133512377738953,0.9851662516593933,0.970785915851593,0.018550489097833633,0.9971469044685364,0.9689721465110779,0.9853228330612183,0.9710882902145386,0.018467716872692108,0.9971046447753906,0.9687826037406921,0.9826312065124512,0.9658831357955933,0.02147858217358589,0.9962934851646423,0.968575119972229,0.9784826636314392,0.9579070806503296,0.026197345927357674,0.994521975517273,0.9674051403999329,0.9714159369468689,0.9444795846939087,0.034457311034202576,0.9908520579338074,0.9644958972930908,0.9596626162528992,0.9225611090660095,0.04823058843612671,0.9838671684265137,0.9586530923843384,0.9339705109596252,0.8763738870620728,0.0773983746767044,0.9685148596763611,0.9440182447433472
40,0.24471838772296906,1e-07,0.6617298126220703,0.9660940766334534,0.9349250197410583,0.09064633399248123,0.9840894341468811,0.9390063881874084,0.9663097262382507,0.935329258441925,0.08988532423973083,0.9841051697731018,0.938897967338562,0.9628980159759521,0.9289435744285583,0.08817928284406662,0.9829035401344299,0.9378010630607605,0.9583446383476257,0.9204938411712646,0.08550950884819031,0.9801168441772461,0.936844527721405,0.9511796236038208,0.9073512554168701,0.08850636333227158,0.9763665795326233,0.9346028566360474,0.9390344619750977,0.8855562210083008,0.09659671038389206,0.9693189859390259,0.9294766187667847,0.911320149898529,0.8376703262329102,0.12240630388259888,0.953365683555603,0.9134188890457153,0.985167920589447,0.9707895517349243,0.018544649705290794,0.9971485733985901,0.9689642786979675,0.9853244423866272,0.9710913300514221,0.01846187189221382,0.9971059560775757,0.9687766432762146,0.9826381206512451,0.9658953547477722,0.021472249180078506,0.9962893128395081,0.9685905575752258,0.9784935712814331,0.9579272866249084,0.026189666241407394,0.9945112466812134,0.9674423933029175,0.9714308977127075,0.9445056915283203,0.034447599202394485,0.9908276200294495,0.9645712375640869,0.9596793055534363,0.9225914478302002,0.04821910336613655,0.9838315844535828,0.9587442278862,0.9339884519577026,0.8764064908027649,0.07738315314054489,0.9684805870056152,0.944097101688385
41,0.2446596920490265,1e-07,0.6616868376731873,0.9660992622375488,0.9349344968795776,0.09063588827848434,0.9840865135192871,0.9390090107917786,0.9663150906562805,0.9353383779525757,0.08987265825271606,0.9841034412384033,0.9389051795005798,0.962907612323761,0.9289604425430298,0.08816933631896973,0.9829009771347046,0.937813401222229,0.9583578705787659,0.9205174446105957,0.08550349622964859,0.9801087975502014,0.936867356300354,0.9511944055557251,0.9073774218559265,0.08850226551294327,0.9763513207435608,0.93464595079422,0.939045786857605,0.8855761885643005,0.0965968668460846,0.9693065285682678,0.9295117259025574,0.9113298058509827,0.8376868367195129,0.12240641564130783,0.9533525705337524,0.9134417176246643,0.9851702451705933,0.970793604850769,0.01853923685848713,0.9971521496772766,0.9689554572105408,0.9853261709213257,0.9710954427719116,0.01845642924308777,0.9971096515655518,0.9687687754631042,0.9826433062553406,0.9659045338630676,0.02146615833044052,0.9962905049324036,0.9685924649238586,0.978501558303833,0.9579433798789978,0.02618238888680935,0.9945098757743835,0.9674545526504517,0.9714410305023193,0.944526731967926,0.034438516944646835,0.9908201098442078,0.9646016359329224,0.9596909880638123,0.9226126074790955,0.048208266496658325,0.9838215112686157,0.9587813019752502,0.934001624584198,0.8764293193817139,0.07736875861883163,0.9684731364250183,0.9441319108009338
42,0.24460291862487793,1e-07,0.6616901159286499,0.9661029577255249,0.9349409937858582,0.09063512086868286,0.9840880036354065,0.9390074014663696,0.9663185477256775,0.9353445768356323,0.08986973762512207,0.9841040372848511,0.9389071464538574,0.9629144668579102,0.9289729595184326,0.08817074447870255,0.9828997850418091,0.9378194808959961,0.9583674669265747,0.9205346703529358,0.08550620079040527,0.980107843875885,0.9368799924850464,0.9512054324150085,0.9073970317840576,0.08850279450416565,0.9763467907905579,0.9346649050712585,0.9390547275543213,0.8855921030044556,0.09659906476736069,0.9693017601966858,0.9295253753662109,0.9113377928733826,0.8377004265785217,0.12240640819072723,0.9533515572547913,0.9134671688079834,0.9851728081703186,0.9707988500595093,0.018534019589424133,0.9971553683280945,0.968951404094696,0.9853285551071167,0.9711002111434937,0.018451085314154625,0.9971135258674622,0.9687644243240356,0.9826479554176331,0.9659143090248108,0.021460257470607758,0.9962930679321289,0.9685928225517273,0.9785093069076538,0.9579576849937439,0.02617535926401615,0.9945111870765686,0.9674596786499023,0.9714491963386536,0.9445430636405945,0.03442978113889694,0.9908191561698914,0.9646161794662476,0.9597010612487793,0.9226311445236206,0.048197757452726364,0.9838212728500366,0.9587979316711426,0.9340130090713501,0.8764489889144897,0.07735460996627808,0.9684739112854004,0.9441500306129456
