,Image,Accuracy,F1,Jaccard,Recall,Precision
0,p_00355abf,0.9891683813443073,0.9889547038530605,0.9781507392615686,0.9818955979093658,0.9961160443296948
1,p_008e4310,0.9869244398719708,0.9782272071874866,0.957382320285546,0.959518372818572,0.9976801251761745
2,p_01653554,0.9686058063271605,0.9799134258440733,0.9606179030979849,0.975538296324693,0.9843279756358972
3,p_0167e97d,0.94329941663275,0.9504485171546252,0.9055758890244453,0.9063386452156316,0.9990715319224773
4,p_01b4c4ae,0.9937711476909008,0.9847146014968414,0.9698894546780757,0.973655670909459,0.9960276363017294
5,p_03957f0c,0.9903819444444445,0.9902556031259202,0.9806992801262456,0.9959430507053143,0.9846327443545222
6,p_047ff224,0.9906520061728395,0.9843967840503322,0.9692730079924419,0.972790403538218,0.9962834606667612
7,p_04c3542e,0.9926649305555556,0.9820966381334153,0.9648230617221769,0.9718305848977975,0.9925819004716283
8,p_04e20660,0.9895278920896204,0.9728653813686085,0.9471644356266617,0.9828860074632448,0.9630470158772045
9,p_0644cc81,0.9903269318701418,0.9711730739750294,0.9439615638048124,0.9448688671834865,0.9989837861325354
10,p_064c4fc4,0.9918787579276831,0.985343048477446,0.9711095429828567,0.9752434338455804,0.9956540351632616
11,p_06f9fcb1,0.9479023321297999,0.9341872281527113,0.8765021895295539,0.9795314645455188,0.8928553803298824
12,p_07141906,0.9880264060356653,0.9763210275921235,0.9537375035609469,0.9951266719662669,0.9582129687562401
13,p_0791cd0d,0.9772258824605953,0.9222806219736168,0.8557706586501023,0.8901757188498403,0.9567879487335237
14,p_0846ec6f,0.9407224395488756,0.9241027623759186,0.858913593287615,0.958360292219134,0.8922098452262784
15,p_0865636e,0.9943296365181052,0.9774020863836017,0.9558029342413166,0.9846372963854089,0.9702724308022129
16,p_086ad409,0.9903409529320988,0.9851114614763061,0.9706597563012161,0.9759451740852406,0.9944515648778204
17,p_08c6f749,0.9441208526234568,0.9446390340414207,0.89508619752997,0.9928023090457712,0.9009325846894984
18,p_0913b718,0.9955687014174669,0.989916174051024,0.9800336849478759,0.994753736688293,0.9851254345749514
19,p_092377d3,0.9706324680675731,0.8949714496223983,0.8099079877316976,0.813133848779998,0.995125547863843
20,p_094cb88b,0.9885577516985794,0.9773835860021727,0.9557675513745951,0.9638114772372587,0.9913433910517034
21,p_0a2741f1,0.9802247859726229,0.9878277912140014,0.9759483442040006,0.9763513231226865,0.9995772673937002
22,p_0adf30f8,0.8896752829218108,0.8996021582578055,0.8175244662725971,0.8178515115469976,0.9995110997265539
23,p_0af8e77e,0.9920659191301393,0.952823815386558,0.9098982858727699,0.9938621620731667,0.9150401697741397
24,p_0be67476,0.9766526813271605,0.9624659163416267,0.9276475168391053,0.9520576835472744,0.9731042375405647
25,p_0bf671ac,0.9736395104595336,0.9787143640291573,0.958315998539217,0.9590172691859588,0.9992375361905258
26,p_0c8d77ec,0.998176268861454,0.99591856783021,0.991870316412544,0.998830027648294,0.9930240317362172
27,p_0cad17be,0.99034797239369,0.9734126638553631,0.9482024856365634,0.9616781136532657,0.9854371253190205
28,p_0ceedec5,0.9958694306930693,0.9872149795251683,0.9747527457133252,0.9796417597347515,0.994906202636621
29,p_0d9e1681,0.8864379841968445,0.804431969664566,0.6728449985726626,0.8066065932600749,0.8022690401778807
30,p_0de2c8bd,0.9931253561253561,0.9894388173576297,0.9790983805359408,0.9858342462025802,0.9930698445107862
31,p_0eabf5cb,0.9580538949586569,0.9699472282632999,0.9416480930660859,0.9535553243149497,0.9869125530456533
32,p_0ebda07a,0.9867519718792866,0.9826097965844189,0.9658140930447359,0.9815396938037055,0.9836822352253604
33,p_0f013d02,0.9712202789208962,0.956636315331228,0.9168771439796886,0.946295494893804,0.9672056352253829
34,p_0ff9eb03,0.9601503200731596,0.8294166436273155,0.7085498346717053,0.9679408842239913,0.7255775725898624
35,p_10e752d1,0.9847022561645203,0.9888928150765607,0.9780296587957085,0.9789410899436731,0.999048952841242
36,p_117df2f2,0.9909156378600823,0.9851809722714304,0.9707947381283569,0.9717625419598106,0.998975163794163
37,p_11f990a6,0.9980973508230453,0.9897829877596119,0.9797726387170426,0.9858581411984813,0.993739210017264
38,p_127746a6,0.9907354359567901,0.9863331979292421,0.9730349222390657,0.9787029481275253,0.9940833578306602
39,p_12aa0ad4,0.7612934385002286,0.7103454637381326,0.5508029040064534,0.6390993113673066,0.7994695274923075
40,p_12d8e49a,0.986825381515775,0.9800149723109787,0.9608130959837686,0.9853998371947811,0.9746886403652726
41,p_138b411f,0.9868062021518725,0.9880455306805992,0.9763735035876844,0.9844609913677363,0.9916562688527751
42,p_13fd3065,0.9915263377209108,0.9813003226600386,0.9632871635165524,0.9720878891231718,0.990689038458913
43,p_1610c501,0.9758659122085048,0.922164894293567,0.8555714036509907,0.8573867141975732,0.9975314353168258
44,p_162185f3,0.985564021776406,0.9818032978441018,0.9642570004059745,0.9828129669470772,0.9807957011303156
45,p_163ba3d7,0.9448089401586157,0.915370725235849,0.843948016648263,0.9820334687046307,0.8571831174931221
46,p_1657179c,0.9838743141289438,0.9893217382023346,0.9788691175000197,0.9831557662840005,0.9955655394079692
47,p_1717a48a,0.9739520528280218,0.9598804557715835,0.9228558977647555,0.9236511020963944,0.99906796563363
48,p_1825ac2b,0.9632246656378601,0.9540077279690559,0.9120600156220209,0.9210100552136189,0.9894577233019345
49,p_186ef845,0.9934971615961199,0.989927661422591,0.9800562035158891,0.9828659941050205,0.9970915360043336
50,p_18793bbb,0.9958206651925557,0.9952290553029924,0.9905034182722188,0.9973347913153457,0.9931321925032667
51,p_18816dc9,0.9770355902777778,0.9742795336514701,0.949848975052448,0.950892490010227,0.9988459855914323
52,p_18bdd287,0.9645540243085463,0.9716814869752043,0.9449226817058912,0.9616387590696144,0.981936187988043
53,p_1980809f,0.9583532664609054,0.9638617272653724,0.9302443048662806,0.9303374877075975,0.9998923406757764
54,p_1ba36197,0.9936048239597622,0.9925603321885815,0.9852305442219075,0.9963104950664218,0.9888382950479125
55,p_1bafadcc,0.9670011421112743,0.967234427746648,0.9365478998648996,0.9837494155762573,0.9512647853718674
56,p_1c052701,0.991564377956783,0.9909416061400738,0.9820458480598426,0.9849484939395938,0.9970080973617382
57,p_1d77b4e9,0.9944024317912218,0.9894198924706069,0.9790613184436042,0.9950517375291259,0.9838514394359307
58,p_1d9b055c,0.9982081618655693,0.9981794900830118,0.9963655966333947,0.9988517542707652,0.9975081302039689
59,p_1dfee663,0.9954126657521719,0.990261954161055,0.9807117382987109,0.9936448725565631,0.9869019922708211
60,p_1e21958a,0.9818595154759454,0.9865068308132103,0.9733729449846881,0.9755439469417734,0.9977189105840484
61,p_1e64623b,0.9909967992684042,0.992808619430241,0.9857199322621469,0.986936742318347,0.998750785351856
62,p_201f5b98,0.9577382579381349,0.9541838879645893,0.9123820880016056,0.9269690212678167,0.9830450909756991
63,p_20a01024,0.9302989969135802,0.928660486264878,0.8668218378571633,0.8708146151403761,0.9947382724064896
64,p_21254839,0.989840877914952,0.9764125854749172,0.9539122615413815,0.9602855406666791,0.9930905580678181
65,p_22105fbb,0.9573297073297073,0.9708142858534762,0.9432838723947373,0.9443257843698978,0.9988316873369306
66,p_22380a88,0.9975158927584301,0.9912767773010179,0.9827044277306477,0.9900395831650376,0.9925170674030822
67,p_22bb8ec2,0.9587260919074364,0.9627017988301391,0.9280858655152469,0.9289722834881554,0.9989729268959227
68,p_244157c7,0.8870575498575498,0.9047587472095131,0.8260816919599613,0.8336095852325651,0.9891865085619065
69,p_245f9531,0.9795997795687814,0.9830357986750566,0.9666375644239165,0.999675730044291,0.9669407517870625
70,p_256d45f3,0.9666470764479477,0.96530693705432,0.9329403778026464,0.9801169106666683,0.9509378708530876
71,p_26089b9d,0.9979245304600463,0.9953869484581425,0.9908162619731498,0.9991782527918989,0.991624306985485
72,p_26eaeae5,0.9941832418838592,0.9917618155252177,0.9836582573410988,0.9989270141314521,0.9846986752997494
73,p_27b0305c,0.9798418209876543,0.9691686349458197,0.9401815542301436,0.9531918254962366,0.9856901613190924
74,p_29f71492,0.9867455418381345,0.9820373196179737,0.9647085679500838,0.9654240778053435,0.9992323418931679
75,p_2ba83b99,0.9878230532737666,0.9695007226639756,0.940806795294667,0.9909029421711194,0.9490034773033086
76,p_2ceeca48,0.978727280521262,0.9782435473211066,0.9574136231352369,0.957958254489408,0.999406530183539
77,p_2d8d5fd8,0.944701646090535,0.8764080539793413,0.7800056391319375,0.9850250826276601,0.7893660155234267
78,p_2dac7786,0.9675422643149635,0.9785582943656442,0.9580167805640175,0.974828545814079,0.9823166929872068
79,p_2dffb5f7,0.9966055098308185,0.9906631388140817,0.9814990187221582,0.9952774460933896,0.9860914198081467
80,p_2fd0b3e6,0.983833447645176,0.9741513632562794,0.9496053592745025,0.9799968374446553,0.9683752096237038
81,p_2fe586c7,0.9505350684429794,0.949599563849668,0.9040357669022927,0.9047097383478696,0.9991766416550607
82,p_302e79c4,0.9836434220679012,0.9740122517939033,0.9493410164954983,0.9517092161413491,0.9973857029650146
83,p_3060c342,0.959505744170096,0.9441558422364856,0.89421893874603,0.8953418460231836,0.9985994375866559
84,p_3076376f,0.9889718189841443,0.9881122557353549,0.9765038279551765,0.9966794667954952,0.9796910727237836
85,p_30b23c7a,0.9829218106995885,0.9772220507015197,0.9554586617474425,0.9581645969835995,0.9970529764238114
86,p_314314d6,0.9910067589167466,0.9862982245268217,0.972966851188985,0.979505109902639,0.9931862211027461
87,p_32802067,0.9668428357890241,0.9585129098407802,0.9203310524898061,0.9694719521496046,0.9477988630676039
88,p_33025725,0.9931915866483768,0.9859742987738108,0.9723365961844381,0.993321597692096,0.9787348932887632
89,p_34278778,0.9807430269775949,0.9841495956011035,0.968793821747257,0.9778216118688592,0.9905600160616099
90,p_347de0d7,0.9923108823108823,0.9913061474608031,0.9827621581765139,0.9851102152567672,0.9975805126319369
91,p_352307a6,0.9578909465020576,0.9279710511554241,0.8656212615858776,0.9728856478662755,0.8870205348394178
92,p_356159e9,0.9890971198614913,0.9858790874132972,0.9721514221599381,0.9748808917388307,0.9971282686248789
93,p_36b3915a,0.9412457912457912,0.9230301517311936,0.8570622039372172,0.9823953706345002,0.8704308428667783
94,p_3720395a,0.9985368084133516,0.9959212807178546,0.9918756981821875,0.9940777211630821,0.9977716908971338
95,p_37c45e5c,0.9518026977594879,0.9656902315256345,0.9336566867680784,0.9352836124850652,0.9981403603209582
96,p_381e20ac,0.9743485919520509,0.9532015592524269,0.9105874847995534,0.9703197026022304,0.9366769334246542
97,p_388b8cd0,0.9925098186966251,0.992744659685777,0.9855938409580244,0.9974898019732668,0.9880444497276926
98,p_39a6478c,0.9114233613109513,0.9222227177777794,0.8556709563188136,0.9780679580031327,0.8724102680442605
99,p_3a166397,0.979088823336611,0.9788606033419311,0.9585964526934271,0.9608352086583097,0.9975752459495438
100,p_3a6ec376,0.9969295839048925,0.9902270056287498,0.9806431852986217,0.9864154171242583,0.9940681649663777
101,p_3acb0293,0.968488255292845,0.9773490433778849,0.9557014903756942,0.9558771338968197,0.9998077686102239
102,p_3adc1bb2,0.9823344118265993,0.9712589137168259,0.9441237709538459,0.9538856630078661,0.9892767471055935
103,p_3e43e90e,0.992390832190215,0.9837025647680128,0.9679278237511895,0.9799632680239123,0.9874705072748722
104,p_3ec20860,0.9617277520576132,0.9673121924242667,0.9366937280832838,0.9376431320567897,0.9989201917340224
105,p_40979624,0.9955956647892131,0.9938258238714871,0.9877274208084541,0.9888773027459159,0.9988241206755174
106,p_40aebe90,0.9844370141746684,0.8912262760309515,0.8037945495683754,0.9444101087922787,0.8437131274014462
107,p_41530024,0.9817602704108165,0.9867242541263946,0.9737963808417033,0.9747582334606345,0.9989877131151292
108,p_4173e997,0.9610932677469136,0.9048919738714344,0.8263038460876005,0.8690931241564841,0.9437667060932516
109,p_41b1ff95,0.9735064621913581,0.9629229187883893,0.9284969615406141,0.9679944963614382,0.9579042068937735
110,p_42a40c79,0.9709462997108971,0.9791242250095481,0.9591022228132563,0.9593650661369407,0.9997144224193432
111,p_435eb50e,0.9925620498971194,0.9885434093447022,0.9773463522584288,0.9799323223133464,0.9973071766988351
112,p_4370c039,0.985467709834603,0.9477420708207025,0.9006746773197407,0.963172899266802,0.9327978754412669
113,p_43878c82,0.9921885961729201,0.9923407273344,0.9847978917608952,0.9883529046272989,0.9963608606755033
114,p_4492b501,0.995446959304984,0.992075193146027,0.9842750038493274,0.994761013642113,0.989403836842899
115,p_44a1a285,0.9532072838743623,0.9663411776515095,0.9348744060984899,0.942779486216233,0.9911107510630559
116,p_450f88b6,0.9976122663738476,0.9931182263979892,0.9863305230416632,0.9931984451705005,0.9930380205826702
117,p_4559ef06,0.9703326976054248,0.979298294327322,0.9594363258969281,0.9766490550085082,0.9819619452894548
118,p_46c73697,0.9847929526748971,0.9777520230137213,0.9564724460460785,0.9595400269942411,0.9966687187512586
119,p_484f2406,0.9960037491479209,0.995151201860946,0.9903491985101961,0.9971298263254871,0.9931804142929271
120,p_485e5509,0.9933124382907396,0.9840139414896537,0.9685309490687593,0.9911898535420272,0.9769411854459454
121,p_48f2de97,0.9545706875857339,0.9512080302850678,0.9069558670854542,0.9083355132564974,0.9983281066532658
122,p_490ebffe,0.9942110339506173,0.9925820002892056,0.9852732436527362,0.9868459209452751,0.9983851518504245
123,p_492093f3,0.9776148887502599,0.9691804843134916,0.9402038568003185,0.9421081274969387,0.9978547730480891
124,p_4921a2ba,0.9705061728395061,0.9770478503375944,0.9551256631701096,0.9572133455206414,0.9977217331397351
125,p_49e97f2b,0.9940884773662552,0.9886053106470739,0.9774673735725938,0.9926617585761051,0.9845818806155661
126,p_4aba7163,0.9896823722456634,0.9854390932969875,0.9712961408096621,0.9737743663841152,0.9973866691667141
127,p_4afe9fc3,0.998504866340776,0.9962605190113232,0.9925489012647115,0.997631344563536,0.9948934555384146
128,p_4b726bd1,0.9934846567190692,0.9906940567078194,0.9815597176375951,0.9847297923516561,0.9967310094623635
129,p_4c0ba933,0.9862701027154394,0.9593356019709707,0.9218491607745094,0.9773590896697395,0.9419648203094855
130,p_4c3691fc,0.986836790579859,0.9740854428993574,0.9494800869696591,0.9506832437030428,0.9986688652652136
131,p_4c6de8fe,0.9644564557429847,0.9739915866353931,0.9493017542043011,0.9640478138837691,0.9841426294797389
132,p_4cdd6159,0.9901708962048468,0.9745491678937981,0.9503616725261657,0.9839960072204755,0.965281992195631
133,p_4d8fb3ec,0.9907851080246913,0.9898009073925806,0.9798077573380225,0.9827946594758689,0.99690776628046
134,p_4e167c8f,0.9007915380658437,0.8513972829672579,0.741246098709157,0.7424576350906428,0.9978034183596298
135,p_4e4f7a8e,0.9633646797839506,0.9668082733984261,0.9357491436545862,0.9508700973230154,0.9832898590009643
136,p_4f573a53,0.9940856481481481,0.9891640713686916,0.978560460062039,0.9866798279630543,0.9916608559102479
137,p_4f77da88,0.9872513717421125,0.9877757445122383,0.9758467445894758,0.9782365162794636,0.9975028474844178
138,p_4f7c6782,0.9866872617102397,0.9857624847890767,0.9719246922000072,0.9731700172696673,0.9986851083448594
139,p_4fc06d9b,0.9719424377938309,0.9578472447130325,0.9191044593546936,0.9192837716071325,0.9997878205393315
140,p_50492861,0.9743366671233502,0.9759100705507633,0.9529534882504068,0.957218857845049,0.9953457715711682
141,p_50eefc84,0.9897704475308642,0.9886046559102468,0.9774660934394377,0.9789063696869628,0.9984970320452301
142,p_513cf0cb,0.9696576360310928,0.9765655176249715,0.95420423529087,0.9554496368233248,0.998635833432644
143,p_516ad037,0.9464357567443987,0.9450516203779709,0.8958273586017238,0.9362236511172681,0.9540476582264246
144,p_51d59e7c,0.9901822883138063,0.9891555863159274,0.9785438519770818,0.9805441436826913,0.9979196258195957
145,p_526030e3,0.9888336601970199,0.9772686076419881,0.9555476784464346,0.9630209122337359,0.9919442173733817
146,p_543781e6,0.9745707590306356,0.9227005717839973,0.8564940699095891,0.980680949443991,0.871193380533993
147,p_545dcf97,0.9970953360768176,0.9843580715059588,0.9691979465297687,0.9928535061903165,0.9760067871922264
148,p_570fce5a,0.994386145404664,0.9923925452830219,0.984899963410622,0.9883872520507833,0.9964304323143086
149,p_5714a8b2,0.9770816477885652,0.9701768072053524,0.9420809455383968,0.9422254348394133,0.9998372496394627
150,p_572684d3,0.8908847736625515,0.9039942067030255,0.8248078725785337,0.9531262178546035,0.8596792266317361
151,p_574be0a8,0.9938191586648377,0.9936620502511385,0.9874039337372834,0.988308757006818,0.9990736528484586
152,p_57670119,0.9915068274192812,0.9851720295722234,0.9707773714168988,0.9757488174488482,0.9947790243175899
153,p_57cf50bf,0.969237075617284,0.9512776143165449,0.907082395973263,0.9344409616859515,0.9687321212205017
154,p_58c3285f,0.9632018747142204,0.9432957548000704,0.8926771696858262,0.9921095730017341,0.899060157949875
155,p_58df5836,0.9702114769090078,0.9668490927039763,0.9358256241911711,0.9971228250630407,0.9383594793675565
156,p_59cb75f2,0.9826453938516996,0.9735891041774917,0.948537382192647,0.9886449896924202,0.958984906399892
157,p_5ad5811c,0.9833341906721537,0.9727953514604358,0.9470316872528903,0.9753300874152857,0.9702737561487652
158,p_5b21d514,0.9942278235025148,0.9883855059763065,0.977037707363213,0.9819653062950039,0.9948902101334519
159,p_5b442ca8,0.9901434613625971,0.9797413423460571,0.9602872124593833,0.9659775067468177,0.9939030784925016
160,p_5b9e9633,0.9809393086724773,0.9732324140944255,0.9478604773407091,0.9482446955860326,0.9995727052705733
161,p_5c78dff0,0.9575514403292181,0.9642290864324067,0.9309289088947584,0.9314096688797182,0.9994458461928635
162,p_5c98c94a,0.9887307098765432,0.9817183461184605,0.9640931292204812,0.9656184271276869,0.9983642416000306
163,p_5ca63d6a,0.9855692729766804,0.9693864188609147,0.9405915433304313,0.9733945669007568,0.9654111441709494
164,p_5cb2ac7b,0.9678776041666667,0.9544990965943828,0.9129586531060807,0.9480481943405982,0.9610383893740061
165,p_5da96b53,0.985808689161712,0.9753011069986729,0.9517928765805839,0.9531366282887537,0.998520964468751
166,p_5e0ebe43,0.8658975248669906,0.8629906496654218,0.7590004861538533,0.9179029336640286,0.814277608604623
167,p_5e8421f1,0.9955193865740741,0.9906710591977573,0.9815145678973045,0.9880905407327142,0.9932650916309955
168,p_5f03ec56,0.9953795153177869,0.9924347350847115,0.984983077168853,0.9970459541229718,0.9878659723710073
169,p_5fcdce11,0.7765511969147213,0.7388856222091555,0.5858989757166178,0.9326217860039919,0.6117955919434398
170,p_605de8d5,0.9946564839117332,0.9874406841864006,0.9751929282216757,0.9776250233278855,0.9974554487151747
171,p_60dfee14,0.9776513851714593,0.973547595306707,0.9484585849819367,0.9884996480886816,0.9590411322470895
172,p_6159b88f,0.9803749785665294,0.9746882245819671,0.9506261880046913,0.9547564857476702,0.9954699071394489
173,p_6176bcb4,0.916568366311517,0.8442497119133688,0.7304776132143924,0.9356076675136561,0.7691460025382992
174,p_61eec36a,0.98961191129401,0.9864871797350074,0.9733346831045324,0.9736346598922492,0.9996835595631314
175,p_623491ca,0.9963014308208393,0.9943821052330564,0.988826979320519,0.9922145209042362,0.9965591808731448
176,p_6234aaa1,0.9941820987654321,0.9753135223885665,0.9518165250526615,0.9914207952035342,0.959721261007565
177,p_62b7482f,0.9782026427469136,0.964196628229999,0.930868400806961,0.9577819428772865,0.9706978168501907
178,p_636207b3,0.9736974344135803,0.9630140990056577,0.9286665306464101,0.9330388996713573,0.9949792190394516
179,p_63c22c48,0.9931901041666666,0.9928559033530862,0.9858131588703172,0.9977761395124183,0.9879839544409226
180,p_63d83abc,0.9630144350650837,0.974623352793864,0.9505027791001869,0.9521205718237423,0.9982155603140613
181,p_64240a9a,0.9977387192928359,0.9941787648397397,0.9884249109945807,0.9929526594901249,0.9954079019410446
182,p_64da52e3,0.9515935070873343,0.9579771556728757,0.9193437177392013,0.925886424148488,0.9923722506178272
183,p_64ecb292,0.9416758285805905,0.9232902318652626,0.8575107788468802,0.971802136163372,0.8793914266039252
184,p_6517ab3a,0.9675131458619113,0.9737747048794949,0.9488897900973575,0.9588081952928584,0.9892158627309815
185,p_669f7b92,0.9919332425840849,0.9942083605659499,0.9884834210049526,0.9898851371623649,0.9985695121003529
186,p_6728d03b,0.9599579903978052,0.9609411995914736,0.9248188834103139,0.9274145951688423,0.9969827347789164
187,p_67ba476a,0.9777652421652422,0.9778225875201332,0.9566075082288052,0.9568948065093825,0.9996862391461986
188,p_682c8aab,0.9799119798811157,0.9391113929226047,0.885212063413264,0.8954243615580296,0.9872799860123558
189,p_695c9a45,0.9755802986929409,0.9810468517415736,0.9627987836519852,0.9640951470985246,0.9986053499861499
190,p_6a527868,0.9914831961591221,0.9916612244418291,0.9834603691531056,0.9856199378610451,0.997777027027027
191,p_6aaed593,0.9897333676268861,0.986630195104251,0.9736131768853633,0.9814159009477377,0.9919001926387582
192,p_6abcb4ed,0.9938906035665295,0.9891871824259598,0.9786056975415266,0.9808515973719846,0.9976656586556316
193,p_6b99c161,0.995439529035208,0.9852537577136393,0.9709360987567979,0.9772079876526464,0.9934331161764487
194,p_6bcbd2db,0.9945964791952446,0.9840643762789459,0.9686286742014482,0.9712424346275291,0.9972293869463471
195,p_6be89ce9,0.9906984714510932,0.988669351584092,0.9775925936118801,0.9852593857175943,0.992103003093165
196,p_6c14a1ab,0.9919137327568458,0.9842294586440167,0.9689486144480413,0.972571123739656,0.9961706845127218
197,p_6cbe35ae,0.6448720144312006,0.6166388024272391,0.4457540109619894,0.4902657277970599,0.8307858612392919
198,p_6ef88377,0.9911462265230023,0.9870077335918191,0.9743487352489901,0.9761554180686951,0.9981040610774093
199,p_6f42cd49,0.9970878228444627,0.9938601483596516,0.9877952321830044,0.996130261068396,0.9916003589878084
200,p_70f8cd6a,0.9942022190967339,0.9867566216891555,0.9738594327990135,0.9752681343494214,0.9985190001444878
201,p_710eacd6,0.9965755183259516,0.9939119486328986,0.9878975774360331,0.991280018210099,0.996557892247725
202,p_716c0b5b,0.9933396241251867,0.9926808929829034,0.9854681461592242,0.9880097573247127,0.9973964070634532
203,p_73aabf07,0.9853396014915471,0.9649027205389049,0.9321855439918307,0.9846559678532606,0.9459264290182035
204,p_73d90818,0.9895707947530864,0.9893782447041026,0.9789797612405693,0.9855319781834834,0.993254650740805
205,p_73e594c5,0.9851746152545239,0.9728108213938863,0.9470610104304077,0.9744769265124227,0.9711504037743662
206,p_74080af7,0.9755356407086938,0.9762055042930279,0.9535170470113907,0.9566198215573317,0.9966099383470182
207,p_7408d871,0.9836316872427984,0.9698518807044878,0.941468379680915,0.9549373617511759,0.9852396708709685
208,p_74896194,0.9870730702905824,0.9837903607108681,0.9680978438652265,0.9720556017947173,0.9958119082932056
209,p_74926d66,0.9814780563547518,0.9696844552246336,0.9411528925694781,0.9491386847428858,0.9911394049133423
210,p_74accdbf,0.9906881572930956,0.9760246052418584,0.9531719319021243,0.9771087958324985,0.9749428179995414
211,p_758345ea,0.9842815776221215,0.9846547157404393,0.9697732692563764,0.9776736383848336,0.9917362068480432
212,p_7586d14a,0.9361802697759488,0.9511903736728153,0.9069237636612648,0.9070114669434406,0.9998933929352601
213,p_76184ee7,0.9905550733024692,0.9829755607807685,0.966521081376764,0.9763531248273194,0.989688447946004
214,p_7625123e,0.9971328185504077,0.9938983823139128,0.9878707725366346,0.9973999567064821,0.9904213078803219
215,p_772ba96f,0.9296498116346201,0.9530976370433706,0.9103978276939423,0.9104964094797836,0.9998810852892237
216,p_773ed527,0.9829520318930041,0.9753010168196787,0.9517927048123656,0.9556170565448047,0.9958129386094239
217,p_774978f6,0.9841907793209876,0.985307299827535,0.9710400988004194,0.9715756769537414,0.9994326349469596
218,p_7794234c,0.9829489776234568,0.9819894668154767,0.9646162144743571,0.9659211959598875,0.9986013783157695
219,p_7908fa55,0.9921724965706448,0.9763203624134383,0.9537362340382407,0.9612569117206439,0.9918634349935532
220,p_79667a8b,0.990836191129401,0.981908208390177,0.9644594097331518,0.9707190172441874,0.9933583565071668
221,p_7c18a80a,0.9957134059380267,0.9908947683071384,0.9819538509822472,0.9822710686043443,0.9996712300856886
222,p_7c86cc6e,0.9870495254406623,0.9908537776204197,0.9818733456524996,0.9824678737320441,0.9993840705565393
223,p_7dfc4104,0.9810358796296297,0.9710303938738806,0.9436920080950018,0.9457468018261066,0.9977029822879346
224,p_7e060171,0.9250864655626561,0.73256717198973,0.5779928969804102,0.97331283678081,0.5873003906966987
225,p_7eca9af1,0.9425023941560322,0.951979718280518,0.908360014482362,0.9168870162162936,0.989865583599265
226,p_7f83f29f,0.9113474329187736,0.9363816130639159,0.8803736608590481,0.8841039800046763,0.9952302111528452
227,p_80127331,0.9834238373712058,0.9662417146165387,0.9346882421920538,0.9508328236943747,0.98215825540981
228,p_80d05b01,0.8197670717592592,0.8663560127832727,0.7642222977870783,0.7664358777896656,0.9962350301740374
229,p_818e689d,0.9936117541152263,0.9843624573056522,0.9692064500631523,0.9777857109354235,0.9910282753265687
230,p_819ea202,0.9954942457870941,0.9848862881313417,0.9702226229594781,0.9921912977723594,0.9776880586063875
231,p_8356b96a,0.944257601265177,0.9588658449529451,0.9209820274406504,0.922674339099431,0.9980124561888137
232,p_8367ead5,0.9644663065843622,0.96337203676185,0.9293324808184144,0.9891319585748642,0.9389197883761943
233,p_837e29d1,0.9212280638751227,0.9458500123228057,0.897263220015753,0.8976156710356977,0.9995625801682718
234,p_83aaeb64,0.9921841242283951,0.9860927692182277,0.9725670547372484,0.9773214358611493,0.9950229715665171
235,p_83b00b70,0.9400520118884317,0.9302541466149138,0.8696029469721552,0.9563516044791425,0.9055431775429911
236,p_83b683a2,0.9771817663817663,0.9810759033673607,0.9628547470902298,0.9641076223354704,0.998652167931602
237,p_83e170ad,0.9828032791262784,0.9813105538779875,0.9633068818114093,0.9633453037060673,0.9999585986837338
238,p_84e24513,0.979152199074074,0.9750648741387233,0.9513430162902786,0.9524603095106926,0.9987684615879493
239,p_85175926,0.988897087191358,0.989092042729742,0.9784194847971864,0.9808356214069727,0.9974886449098712
240,p_853ec4eb,0.9949025461533182,0.9857246962914321,0.971851224896491,0.983461222559212,0.9879986130018237
241,p_8574915a,0.9662214220393233,0.963961013816398,0.9304292856461769,0.9342499530145731,0.9956238914866172
242,p_8661f422,0.9646662094192958,0.9576795061194256,0.9187956216364613,0.9431725172023684,0.9726397319038581
243,p_87564383,0.9902588658920358,0.9878176958917717,0.9759286364545537,0.9837033631480075,0.9919665895246456
244,p_8776f290,0.9753547239368998,0.9706466118580183,0.9429673259346518,0.9436904962821034,0.9991879896041647
245,p_879cdd17,0.9915032007315958,0.9821389523665347,0.9649047427937393,0.9919233494801627,0.9725456976838258
246,p_87c6c465,0.8497711559061253,0.8630068865080387,0.7590256055795718,0.7928132363278408,0.9468374450147521
247,p_885e33c3,0.9603092849794239,0.8948599284951447,0.8097253475540211,0.8283342057630817,0.9730045078915883
248,p_88769426,0.9957740162037036,0.98939862640653,0.9790196730966751,0.9901377040923807,0.988660651250955
249,p_88d2e15b,0.9830174218633169,0.9717253892621835,0.94500572037361,0.948550365066988,0.9960612002705266
250,p_8910e0b6,0.9972753772290809,0.994706338956437,0.9894684284827423,0.9966154345973346,0.9928045433788942
251,p_892d2a98,0.9956727251943301,0.9872835166090274,0.9748863900222244,0.9864964655178201,0.9880718245603418
252,p_8b4dec90,0.990654847797705,0.991284649127023,0.9827199003853081,0.984538991443671,0.9981233814837439
253,p_8b8eed77,0.9882716049382716,0.9907010889514255,0.9815735240635228,0.9825890995124337,0.998948134148994
254,p_8c2c818e,0.9925850850850851,0.991791197770353,0.9837160671251961,0.9923630476845204,0.9912200065344637
255,p_8d04d99a,0.9904566936728395,0.9915030414980822,0.9831492630091028,0.9867446207175339,0.9963075781371348
256,p_8d6a5c0d,0.9862317845949717,0.9831953772977743,0.9669462110477697,0.9720511854333246,0.9945980603859174
257,p_8df8d0d7,0.9942838363054413,0.990888990719543,0.9819425034576649,0.9831193881184933,0.9987823780908864
258,p_8e189caf,0.9931172839506173,0.9848942522391431,0.9702380805267281,0.9772885693516425,0.9926192450845538
259,p_8e36c2c5,0.954925125743027,0.9314461904360382,0.8716886151162828,0.8741291486785902,0.996807293362482
260,p_8e5e8650,0.9936483087133376,0.9907390065940925,0.981647971205833,0.9908298587603139,0.9906481710873598
261,p_8f25de7c,0.9645036008230453,0.9492335931551242,0.9033726116210521,0.9650002368386281,0.9339738733043466
262,p_90780458,0.9922859071432764,0.9505409728102361,0.9057437672012694,0.9253377295416036,0.9771555684510856
263,p_9105cbb1,0.9769863251980304,0.9825146228258919,0.9656302143178298,0.9676586379801992,0.9978338731442601
264,p_913ad33f,0.9806086033950617,0.9524010199274118,0.9091274791632767,0.9346976994909185,0.9707878942910303
265,p_9197d1f6,0.9949354138088706,0.990950692970013,0.9820636970523818,0.9869381959616426,0.9949959495903447
266,p_9209383e,0.9957538866026521,0.9946753420818559,0.9894070877975469,0.993165527349341,0.9961897542578132
267,p_930f61e7,0.972410556022017,0.9629642964766105,0.9285739085017835,0.9293904172817086,0.9990547743639216
268,p_944f60b5,0.9915196852195,0.988505818406194,0.9772728666106714,0.9783165065823795,0.9989096104677395
269,p_94cb71c2,0.9777359617682199,0.9820568576632672,0.9647462778804256,0.9969502758110604,0.9676018746323786
270,p_954c83b4,0.9829938271604939,0.9744098830796383,0.9500967950096795,0.9788180133632108,0.9700412790286064
271,p_95a10f19,0.9461490599048816,0.9669180245353033,0.9359547911000656,0.9359925088418966,0.9999569473646308
272,p_970b8066,0.9319408038444735,0.9463646583518586,0.8981899343576636,0.8981899343576636,1.0
273,p_97a13c76,0.9746963201143265,0.939771672347693,0.8863861187605272,0.895302520894938,0.9888892203066277
274,p_984869e2,0.9805897835375209,0.9822402711880514,0.9651003506835942,0.9712683937381201,0.9934628672290312
275,p_9896b42f,0.8801249035493827,0.9163037809143137,0.8455356443777194,0.8722585765239532,0.9650337201690512
276,p_991d788b,0.9868032693187014,0.9526364913792219,0.9095566950138472,0.9473911837187668,0.9579402045438606
277,p_99526afb,0.9753105050053407,0.972600521153153,0.9466624630224649,0.9591598441155241,0.9864232392987949
278,p_99a33b12,0.956715276235596,0.9730566398825317,0.9475270766356846,0.9483256080958193,0.9991121141225109
279,p_99d2a3b9,0.9462923027772073,0.9626876940851468,0.9280596485704548,0.9791125999201847,0.9468047618676375
280,p_9a992806,0.9633678768329788,0.939852194082129,0.8865293960292729,0.9759060345096571,0.9063673871543815
281,p_9ab20ac0,0.9561361424002225,0.9502265716021492,0.9051730077149804,0.9077234025982509,0.9969056008211263
282,p_9d71b618,0.9933859167809785,0.9929761180730818,0.9860502177694573,0.9888108641963369,0.9971766117146232
283,p_9e81d06f,0.8867330931195921,0.861501411675848,0.7566995870798238,0.9928790527050273,0.7608286526519743
284,p_9e8f5a06,0.9982264517604024,0.9948961213482924,0.9898440772936741,0.9953004827865373,0.9944920883370382
285,p_9ed69917,0.9873762376237624,0.9748056563771468,0.9508496242111111,0.9511912625865886,0.9996224078651738
286,p_9f3ce5d8,0.9750668724279835,0.9598452833419092,0.9227908771358483,0.9371466882840263,0.9836707356187385
287,p_9f45187e,0.9882893232738912,0.9829465674650572,0.966465021424807,0.9749817134686289,0.9910426268247899
288,p_a027b8a1,0.8670061728395062,0.8923329551514849,0.805596735319972,0.9583968252503965,0.8347895386966396
289,p_a06aa630,0.9832642103909465,0.9835721705742351,0.9676753647427266,0.9678787113390322,0.9997829338996299
290,p_a0927607,0.9899951774691358,0.979938692427451,0.9606664669591497,0.9735857612515588,0.9863750776244863
291,p_a09f6d7a,0.993684944982042,0.9699277197683982,0.9416113202758154,0.9935666739201999,0.9473874621593007
292,p_a0d7043e,0.9625008526021417,0.9730134803746116,0.9474452310528241,0.9479738470404162,0.9994117874435106
293,p_a0fe2077,0.9463359518594053,0.920849924475296,0.853310346132868,0.8538215875147415,0.9992987914226877
294,p_a1223c2a,0.9879586226851852,0.9823794297537749,0.9653690761342186,0.9691664183531102,0.9959576967600046
295,p_a16e9e66,0.9955595564700503,0.9760634938240794,0.9532461123682057,0.966383786125228,0.9859390755517933
296,p_a1f3fa33,0.981208276177412,0.9680559792778737,0.9380896248620678,0.9749462799080986,0.9612623877002872
297,p_a22ecda6,0.9957636566332219,0.9951602152713606,0.990367051937645,0.9950531965321436,0.9952672570329495
298,p_a283d89c,0.9917256953024188,0.9779012108046673,0.9567580170743956,0.995227683168908,0.9611677075037568
299,p_a28e0785,0.997276520347508,0.9945676771661174,0.9891940557101422,0.993139940210697,0.9959995250577695
300,p_a293d5dc,0.9962197073616826,0.9941940184520309,0.9884550665745027,0.9934614608643784,0.9949276571820123
301,p_a3fdb557,0.9570360195360196,0.9588036220616483,0.9208672277175536,0.9675472116076868,0.9502166464221614
302,p_a4bb2d84,0.9706572930955647,0.8802645756853452,0.7861362216204957,0.9811324678565673,0.7982032052990217
303,p_a5557d9c,0.9869666280864198,0.9836904111010933,0.9679042900371002,0.9705842073360255,0.9971554170036325
304,p_a5edb3b1,0.9913233024691358,0.9475843102524064,0.9003897599433076,0.9907885758845891,0.907990531064362
305,p_a5f698d0,0.974204550656961,0.9685495799726492,0.9390170978329396,0.9393678557604597,0.9996025105205096
306,p_a604b4ee,0.9977646319158665,0.9920846463186825,0.9842936142357444,0.9968844311036272,0.9873308599304708
307,p_a6186f36,0.8508259030635574,0.8794796004926192,0.7848849524553669,0.9288248140226031,0.8351129694784216
308,p_a6a502d2,0.9821000514403292,0.9770634113705761,0.9551554047741017,0.9709991369668068,0.9832039094148646
309,p_a7f9f28a,0.9857584590763603,0.9351776455621779,0.8782475702774941,0.8799373347694115,0.9978182302683077
310,p_a9065632,0.9778183584819388,0.959417419483696,0.9220002693180425,0.9592358632399282,0.9595990444674077
311,p_aac2d174,0.8959660755388157,0.9149674534597033,0.8432626803473703,0.9633156791821319,0.8712404283537531
312,p_ab8129e0,0.9787234042553191,0.9853340177458385,0.97109199971092,0.9714681759394054,0.9996014073809434
313,p_ac32fee9,0.9745193187014175,0.9717679706008449,0.9450862673172078,0.9485482287723428,0.9961530421867028
314,p_ac499c80,0.9703028549382716,0.9783402390382194,0.9575988762807095,0.9768902250568964,0.9797945639768356
315,p_adb14fc5,0.9810459533607682,0.9563846703203481,0.916414930982204,0.926666182413188,0.98807247824226
316,p_adba9f61,0.9804681069958848,0.9777965479489438,0.95655766568484,0.9591071433123698,0.997228800856673
317,p_aeac51d7,0.9391380887059899,0.889968587253038,0.8017508126645343,0.8362844747563803,0.9510178482304149
318,p_af08cd55,0.9736488340192044,0.9727067682526153,0.9468637952554985,0.9476556408115054,0.9991183030556576
319,p_af17fba0,0.9938743141289438,0.9911373799142886,0.982430471881378,0.9894819940096125,0.9927983139636918
320,p_af28269d,0.966659164951989,0.9435881907096672,0.8932011005665893,0.9863062250289986,0.904416876381686
321,p_b0481f35,0.9730318715706447,0.9716957204181221,0.9449496026732733,0.9449496026732733,1.0
322,p_b1382594,0.9813763716613457,0.9730641153661523,0.9475412534766926,0.9572443254097781,0.9894155799174387
323,p_b25b453d,0.9913136574074074,0.981910431932125,0.9644637001787468,0.9708323320828459,0.993244272870422
324,p_b27e5e8a,0.9637624962825704,0.9530792961524165,0.910364359640337,0.9128269432903485,0.99704537602122
325,p_b33d5f1e,0.9257908950617284,0.8796788935031538,0.7852024641880029,0.9510430657962711,0.818277180193795
326,p_b35fdb10,0.890860768175583,0.9019779962546817,0.8214571230613441,0.8221178207829359,0.9990226296209748
327,p_b37fd56d,0.9814751943301326,0.9865967619007446,0.9735480653793952,0.9818199177583385,0.9914203148128601
328,p_b3940d68,0.9933323019801981,0.9835951409926934,0.9677198335644938,0.9797816110677354,0.987438473143297
329,p_b4aa3e8b,0.9335797646604939,0.9163247761991986,0.8455714000596505,0.8465300633550803,0.9986625049825
330,p_b54b4677,0.9617689043209876,0.9130922224869508,0.8400825179264009,0.8437361556830584,0.9948718112062074
331,p_b57b98d4,0.9372395833333333,0.8678000307006059,0.7664724026071127,0.9946107195711343,0.7696689277391144
332,p_b6b699a2,0.9642414158950617,0.9601748784149228,0.9234003473115381,0.929636936786086,0.9927872654250782
333,p_b7a2fc3c,0.9934403935185185,0.9807872672211173,0.9622988760619205,0.9733902667421791,0.9882975513387647
334,p_b87b9a0a,0.9920770461819844,0.9832001822747501,0.9669555060251016,0.9691132236400429,0.9977027156655607
335,p_b91e8be3,0.9830748456790124,0.9609862380221882,0.9249023190923914,0.9346601536568647,0.9888383308054292
336,p_b9716e3f,0.9581591863854595,0.9466726856382648,0.8987450270497372,0.9858863826778889,0.9104591133004926
337,p_b9d611db,0.9673388203017833,0.9675644748582677,0.9371669719767158,0.9394778119113204,0.997382251030073
338,p_ba8de511,0.9820764746227709,0.9739185544297038,0.949163011020436,0.9509898987930203,0.9979801595418286
339,p_bac3c1ff,0.994489990569273,0.9896411212128844,0.9794946548110689,0.9857217681327525,0.9935917663907566
340,p_bb08dd93,0.8377829218106996,0.8640274958475004,0.7606059941495804,0.7617072210649732,0.9981028385475756
341,p_bbfe904d,0.9901680384087791,0.9857363420624509,0.9718738656838924,0.9774563441751396,0.9941578175359136
342,p_bc5cfad1,0.9896089937877518,0.979801609520069,0.9604030144167759,0.9679412693465864,0.9919562086097968
343,p_bcb4e45b,0.9801793624697447,0.9723147385484634,0.9461211277615619,0.9485807989345879,0.9972668255429956
344,p_bcf86dbc,0.9898697183904102,0.9788860744405041,0.9586453087535225,0.9729123917751482,0.9849335671297018
345,p_bd36e971,0.9477031461107894,0.9284224646412463,0.866407174475172,0.9865369170428938,0.8767738814792845
346,p_bd60b148,0.9963855596085924,0.9898893374418445,0.9799810794343071,0.9922745968178375,0.9875155180817631
347,p_be75a9b3,0.9163831732967536,0.8462010731526803,0.7334042816843916,0.7477861472086689,0.9744463868052899
348,p_be8e8817,0.9566472336534065,0.8723940458405675,0.773669243783737,0.7744780885300452,0.9986519225510248
349,p_bf2fdaa1,0.997437037037037,0.9975450385545745,0.9951021012617153,0.9989189413714251,0.9961749098503975
350,p_bfe420db,0.9916700960219479,0.9890683576433738,0.9783731324679025,0.9788502951872563,0.9995019999590685
351,p_c06e4ea1,0.9828271909958136,0.9429039195440985,0.8919756084399115,0.9786961927882053,0.9096372281412345
352,p_c096680e,0.9959710791037951,0.9897724816059917,0.9797520494981817,0.9818616754849073,0.997811796988588
353,p_c14d1bde,0.9616512345679012,0.9639192720936987,0.9303515123204484,0.9351713451711104,0.9944907249440335
354,p_c1f6ee23,0.9869740226337449,0.9854974521390149,0.9714095388098081,0.9855045072907002,0.9854903970883434
355,p_c236892b,0.9957001600365798,0.9909607900387258,0.9820835308042764,0.9878758405580803,0.9940650673043545
356,p_c23a93db,0.9829457055621931,0.9871221833848399,0.9745718261296408,0.9775010770021818,0.9969345649066399
357,p_c39cb2f3,0.993113926658426,0.9863016505640195,0.972973519304629,0.980261133236785,0.9924170746402692
358,p_c3aa565d,0.9668981481481481,0.9083920563741191,0.8321596244131455,0.9953819168018287,0.8353848883565935
359,p_c3b49327,0.9450684247692794,0.8821555857090059,0.7891577525737545,0.7910245360264566,0.9970184413828528
360,p_c3ee0a89,0.9832175925925926,0.9684891070102682,0.9389034217595112,0.984191541830763,0.9532798573975044
361,p_c4ca64e7,0.9966510210137304,0.9972161835816495,0.9944478234036653,0.999145154169929,0.9952946468635269
362,p_c52b37e6,0.9858108369057275,0.9752791940505888,0.95175113883531,0.9728065907146093,0.9777643987533897
363,p_c61fab84,0.9702743484224966,0.972217384754605,0.9459367869561376,0.9470837409712537,0.9987213848115881
364,p_c6ac6aae,0.9984167809785094,0.9912831131558906,0.9827168813017869,0.9928077507359291,0.9897631511144905
365,p_c6c3cbfb,0.987292524005487,0.9878281720906934,0.9759490877463993,0.9825865485621119,0.9931260185893065
366,p_c7091aac,0.9836575145747599,0.9728786158214446,0.9471895248286634,0.9504299373294021,0.9964134006572093
367,p_c7664967,0.984567672780108,0.9788938807532852,0.9586602825134666,0.9963136594943303,0.9620727775218794
368,p_c770e8ba,0.9181925411224774,0.9181791175073223,0.8487348805762557,0.8589454695764541,0.9861874889128998
369,p_c7cec6d2,0.9880184220679012,0.9896233716169456,0.9794598804216987,0.9867644486644511,0.9924989088484225
370,p_c7f17e98,0.9926200274348422,0.9688880964199142,0.9396536816769098,0.9400886536429353,0.9995078348711423
371,p_c874b819,0.9957407407407407,0.992191478526566,0.9845039582280614,0.9899386580996185,0.9944545759053184
372,p_c89f023a,0.991678614097969,0.9844080545326334,0.9692948619040271,0.9695416006895031,0.999737517076891
373,p_c8fea0ea,0.9955341942115576,0.9959344154908932,0.9919017550808805,0.9979868279353264,0.9938904275095649
374,p_c984713d,0.9941203187579999,0.987890615865079,0.9760709972168251,0.9799262761439218,0.995985476555869
375,p_cb8328b8,0.9952886374028349,0.992406579183728,0.9849276093722001,0.9930295410300277,0.991784398458516
376,p_cba0d752,0.9928057484567901,0.9890786312196822,0.978393237856878,0.9858798083448508,0.992298279709206
377,p_cbc02a43,0.9894958847736626,0.9861122026418401,0.9726048633895258,0.9759582017040015,0.9964797121458331
378,p_cc8a4921,0.9799861973775017,0.9634014752991509,0.9293872722587347,0.9320197705911439,0.9969700993206667
379,p_cca19cb7,0.9965866483767718,0.9870942645978302,0.9745174008772978,0.9963050372768081,0.9780522378152449
380,p_ccb611f0,0.9883407636031093,0.9919718781570465,0.9840716311995821,0.9860712290524649,0.9979435713442962
381,p_cd80256d,0.9979176902739758,0.9891371345225527,0.9785077366111047,0.9855524544409785,0.9927479864024745
382,p_cdac4c7a,0.997337176583625,0.9946698537644157,0.9893962271885655,0.994330640177611,0.9950092988740575
383,p_cdb161e7,0.98627829218107,0.9856215544622366,0.971650727396636,0.9729613602593453,0.9986155616873763
384,p_d0280830,0.9960916780978509,0.9941586010712364,0.9883850497007086,0.993357540497493,0.9949609546656909
385,p_d0477d13,0.995516975308642,0.9940333684638877,0.9881375159989128,0.9914903642395554,0.9965894509788276
386,p_d0d12747,0.9857285236625515,0.9888983553860109,0.9780404973661624,0.9825690664709649,0.9953097140939315
387,p_d139f538,0.9295336612654321,0.9395033293683702,0.885908796685617,0.9717935409161532,0.9092899520672165
388,p_d2015483,0.9980538408779149,0.9934587787799326,0.9870025765817348,0.9951123768472906,0.9918106672292438
389,p_d2cbcaaf,0.9724382716049382,0.9599929065437134,0.9230638065682228,0.9254607751748264,0.9972019483591744
390,p_d3072853,0.9444194501249716,0.9335292591098013,0.8753444640502475,0.9814458760677656,0.8900736599104059
391,p_d33456bf,0.9891574474907808,0.9928387108242309,0.985779260476483,0.9888710001860861,0.9968383895304594
392,p_d3736f1c,0.9061355452674897,0.8763899755791072,0.7799769996096264,0.9702269910699722,0.7991034409276283
393,p_d3ab3324,0.8741151755948303,0.9230871718247649,0.8571605311721296,0.9667241597211113,0.8832195028836379
394,p_d482754b,0.9961269718792867,0.993974487439624,0.9880211535688775,0.9914470358150178,0.996514858237471
395,p_d4999761,0.9762299373811203,0.9662420715647746,0.9346889102242266,0.936991546874816,0.9973777004281209
396,p_d4cebb8a,0.9463831018518518,0.9545392839794115,0.9130321870081758,0.9258538906956453,0.9850590078046936
397,p_d56af6f9,0.9202283151913466,0.9410286613687059,0.8886252413450326,0.8908213154429725,0.9972334750413862
398,p_d62b451c,0.9793518518518518,0.8068334937439846,0.676211986770993,0.6808620082843762,0.9900011809628784
399,p_d70a7c8f,0.9528053350970017,0.961867218336115,0.9265358298333146,0.9912124512539364,0.9342095778167576
400,p_d7673590,0.9787755594135803,0.9563043514952587,0.9162674510191889,0.9873385283089268,0.9271616631821314
401,p_d7efbac7,0.8611720506448941,0.8730682075746765,0.7747303017298899,0.782076343009547,0.9880210195356308
402,p_d802f03e,0.9919701646090535,0.9938581324333362,0.9877912493960366,0.9924077532415034,0.9953127572160597
403,p_d85f512c,0.9969718792866941,0.9945988378020186,0.9892557072717649,0.9926194681621723,0.9965861172855649
404,p_d88e7d95,0.8494255829903978,0.7943919325495962,0.6589139157218487,0.6635591761803683,0.98948735546815
405,p_d8b70177,0.993485016519951,0.9906159650896263,0.9814064130483163,0.9840896730820411,0.9972293972012557
406,p_d8bc9e2b,0.9896728180727024,0.9824652703539971,0.9655348773164665,0.9686493662597214,0.996680991198535
407,p_d8be885e,0.9615826773347098,0.9563871808942803,0.9164195412181851,0.9254616486921676,0.9894510024831572
408,p_d97027f4,0.9923577756430783,0.9928564391194764,0.9858142152559101,0.9868431328070091,0.9989434786154802
409,p_d9d9aec6,0.9786236854138088,0.9678210921555738,0.937648584756246,0.9414295207535105,0.995735037665867
410,p_db03b516,0.8937355324074074,0.9238345493535529,0.8584502957222889,0.9160722768836129,0.9317294921091988
411,p_dbb8b6ae,0.9926643947187929,0.9892587518810915,0.9787458003937228,0.9877924002952011,0.9907294634592506
412,p_dc4c831e,0.99644099009448,0.9973437347269015,0.9947015435596466,0.9974540064819526,0.9972334873509511
413,p_dc4f6556,0.995471536351166,0.9902859770114942,0.9807588628713809,0.9921970778351313,0.9883822240931184
414,p_dcdc1e0a,0.9708413351623228,0.9817522634404295,0.9641585521786171,0.9644621106279148,0.99967366252626
415,p_dcf86556,0.9877645094136756,0.9807380997398014,0.9622042180615573,0.9705942628428457,0.9910962057426107
416,p_dd3fab08,0.9975793160280181,0.997587417612878,0.995186448315769,0.9988920730683523,0.9962861657395372
417,p_deaa0ab4,0.94260283088894,0.9657486959775777,0.9337659930633653,0.9341998921418704,0.9995028414704511
418,p_dee9bef0,0.9895158179012346,0.9859386723163029,0.9722673031702812,0.9772441048084703,0.994789340263477
419,p_def04719,0.9961246141975308,0.9946946403279517,0.9894452772562975,0.9917865593776112,0.9976198253714609
420,p_df9d0a64,0.9873788294467307,0.9686200614468138,0.9391496045633663,0.9425364920101995,0.9961883827518474
421,p_dfca4b63,0.9771507592936164,0.9801831653002024,0.9611364825025055,0.9661197649226444,0.9946620436631927
422,p_dfd1e18f,0.9877273351176995,0.989515424916244,0.9792484213172935,0.9828496720861185,0.9962722103067629
423,p_dfe83bf8,0.9794371528447962,0.9719974445559917,0.9455204555753002,0.9496428331951842,0.9954298840123704
424,p_dff47e6a,0.9446319158664838,0.7786976625180474,0.6375961452129411,0.9500588100852329,0.6597069809750528
425,p_e03c2ccd,0.9913688843164152,0.9884107599351966,0.9770870633933177,0.9792772352209445,0.9977162617963444
426,p_e0429404,0.975425502710864,0.9708402637670478,0.94333292450852,0.9589501315150913,0.9830289520663065
427,p_e097aac9,0.9698849022633745,0.9701344856831308,0.9420011372326033,0.9458773035123641,0.9956685733233855
428,p_e0c4f1e1,0.9719307270233196,0.9784475168399346,0.9578044525066495,0.9618627752341816,0.9956142113618552
429,p_e1367f94,0.9781830462681527,0.9766806646852854,0.9544241284026104,0.9621808595129885,0.9916241726182768
430,p_e228541a,0.9964260402377686,0.995579497294183,0.9911979042763293,0.9937129639952527,0.997453055766463
431,p_e342f609,0.9933470507544582,0.9736153738048717,0.9485872537024687,0.9819128653660633,0.9654569403048816
432,p_e34d6f6c,0.9295746527777777,0.9585828419736071,0.9204600045098481,0.9248146346295183,0.9949104935673231
433,p_e360ff8d,0.9649487471526196,0.9721181779212075,0.9457489733160097,0.9617045996804913,0.9827597465651366
434,p_e3c42f14,0.9962654320987654,0.992508087859697,0.9851275984451581,0.9931768368714132,0.9918402388373694
435,p_e4900188,0.9853732638888889,0.9824449705100972,0.9654956656276308,0.9661067499635728,0.999345301596946
436,p_e5582f22,0.9870226774735678,0.9598250816225392,0.9227535337227155,0.9576728094701462,0.9619870495904318
437,p_e5bac66d,0.9981025360335705,0.9918377757939038,0.9838077166350411,0.9943790110403501,0.9893094962008346
438,p_e6893535,0.9535096131890213,0.9634392266929561,0.9294575402648114,0.9344125535546345,0.9943270902291033
439,p_e6d005d0,0.9925034293552812,0.9893460232301532,0.9789166677918826,0.9907540631558397,0.9879419797813048
440,p_e7028c5f,0.916540117730594,0.9388274509458282,0.88470763004811,0.9147435624809843,0.9642138204828677
441,p_e703ff36,0.9669920537059872,0.9757392720690723,0.9526278275260325,0.9535895499192608,0.9989424389539854
442,p_e77d12a6,0.9288188014403292,0.9461646684877466,0.8978297084896562,0.8978330230707962,0.9999958881494411
443,p_e7a43eac,0.9796064814814814,0.9710381908213943,0.9437067364011785,0.947480469121253,0.9957972386134634
444,p_e9c60858,0.9986998456790124,0.9973141560711761,0.994642701011316,0.9982211042448866,0.9964088544431469
445,p_ea49715b,0.9807831790123457,0.969313228703005,0.9404537398721446,0.9413835966212588,0.9989508053085124
446,p_ea82e831,0.9944599927084004,0.991569914720138,0.9832807739417602,0.9944736734443399,0.9886830639676957
447,p_ead6e9a3,0.9921559213534522,0.98820281124498,0.9766807243860084,0.9825927160525484,0.9938773357678747
448,p_eae0e58d,0.9079122990915444,0.9126603860809377,0.8393517300371923,0.8456844208431766,0.9911574280123947
449,p_eb005e3b,0.9198472586759988,0.9187993443627942,0.8497954006708399,0.8550524572059636,0.9928170188766083
450,p_ebe211b1,0.9901384892907704,0.9879770969787194,0.9762398598186115,0.9850326409166102,0.9909392089329069
451,p_ed03e54c,0.9985991083676269,0.9973603636688684,0.9947346260102171,0.9979547061156226,0.9967667287345683
452,p_edbc166e,0.9636887196028642,0.9706248267891439,0.9429262061581914,0.9904135496303934,0.9516113814588618
453,p_eebb1088,0.922708656488965,0.9489607185905289,0.9028784512391848,0.9049230669049745,0.997503766073697
454,p_ef142388,0.9833878279320988,0.9599984206999783,0.9230740027780632,0.9673076428038201,0.9527988308622851
455,p_efd02caa,0.9928280749885688,0.9676125482017581,0.9372571765729458,0.9565858637407502,0.9788964090994547
456,p_efe4662d,0.9935855150140864,0.9931276242266891,0.986349062823314,0.9960019688672861,0.9902698218886798
457,p_f002505f,0.9888728137860082,0.9828735433109831,0.9663238399190449,0.9673950313269537,0.9988554278668113
458,p_f0439e57,0.991042524005487,0.9792032255701598,0.9592538398420072,0.9850067757840207,0.9734676625263978
459,p_f049e784,0.9576820512820513,0.9398396111786148,0.8865070050612485,0.8867305902152032,0.9997156550016285
460,p_f05e090e,0.9757215094542618,0.9821566768898672,0.9649389592582667,0.9653392294562634,0.9995704765497296
461,p_f05f1874,0.9912860082304527,0.9699593310108923,0.9416709069971191,0.9914483436452693,0.9493820779461227
462,p_f08855d8,0.9974829548737505,0.993369696946636,0.9868267366216722,0.9942379245865054,0.9925029843596743
463,p_f113f63e,0.9932287379972565,0.9848156460239601,0.9700855240399062,0.9706075550255674,0.9994458824906671
464,p_f167f4c5,0.9837820052644173,0.974686131477737,0.950622205942173,0.9581105805612044,0.9918453014409028
465,p_f24efb20,0.9669103750124342,0.9714310252281266,0.944449083196954,0.9501040868982105,0.993737398289462
466,p_f2af9c55,0.9985042295381802,0.9941683360928074,0.988404294443189,0.994015498210888,0.9943212209820632
467,p_f2b45638,0.978921233656781,0.9380649133785542,0.8833542889735517,0.928162984202876,0.9481803944649084
468,p_f30a6270,0.9963928898033836,0.9863635283263072,0.9730939601035142,0.9755561729318488,0.9974130170688434
469,p_f3c4a91c,0.9342552583447645,0.9536680454236587,0.911439282010457,0.9631154309572643,0.9444042019541895
470,p_f45b41eb,0.9869150270061728,0.9860703612834797,0.9725234608307671,0.9909200094101721,0.981267951163639
471,p_f464b498,0.9933950617283951,0.9824862387545771,0.9655753820489141,0.9688627443947261,0.9964983260215265
472,p_f4c0bda2,0.9925877700617284,0.9847281976888607,0.969915834801331,0.9718900095014775,0.9979100984312312
473,p_f4f1921d,0.9890962542982387,0.9868003577948272,0.9739446370580146,0.985664999301738,0.987938334876234
474,p_f560c3ee,0.8698942615454961,0.791249907149021,0.6546017343277014,0.663687284911457,0.9795156595539853
475,p_f5d010e1,0.9935879629629629,0.9903157575792889,0.9808172852188064,0.9842950736598255,0.9964105487946977
476,p_f6595a2e,0.9979661676509637,0.9956207257716715,0.9912796403894473,0.9952626249935332,0.995979084335686
477,p_f65a5e7f,0.9971662094192958,0.9946332349751146,0.9893237667852436,0.994781832984012,0.9944846813539804
478,p_f6c43a75,0.9909229252400549,0.9877165020890647,0.9757311110251529,0.9877738022894752,0.9876592085361733
479,p_f6e5991e,0.9949062642889803,0.9848921497494456,0.9702339997728806,0.9786145978614598,0.9912507592457362
480,p_f6f70f79,0.984660594035594,0.9822536244863463,0.9651261336996713,0.9707123756625031,0.9940726139983457
481,p_f75528bc,0.7823536399329782,0.8134458771132103,0.6855531167294439,0.9846471796295552,0.6929603672566048
482,p_f8003d3c,0.9975855602437881,0.9981485392783797,0.9963039217005548,0.9989790502918927,0.9973194080247135
483,p_f8ce21d0,0.9952967301456821,0.9878544061867494,0.9760003029455631,0.9798621407661511,0.9959781219345442
484,p_f8ce6700,0.987986983277286,0.9831471807532058,0.9668529822058666,0.9670483171392315,0.9997911278281374
485,p_f9874d3e,0.9894811815864447,0.9889841553995699,0.9782083640740885,0.9806670447010523,0.9974435488873432
486,p_fa492b2d,0.9955740969647027,0.9916247035508917,0.9833885330618451,0.9951638109604345,0.9881106792386863
487,p_faa76994,0.9775923368119501,0.9742299201202536,0.9497546664984271,0.9784595203838348,0.970036729170694
488,p_fb23fc85,0.9919524038571658,0.9861791304279415,0.972735085680585,0.9773253547481677,0.9951947886977301
489,p_fb5722df,0.9887768632830362,0.9905657113864886,0.9813077706594066,0.9917741320987797,0.989360231875156
490,p_fb7ae76c,0.945021794455274,0.9632277478461203,0.9290639731580667,0.9292287078631566,0.9998092194915652
491,p_fbae74cf,0.9902057613168724,0.9928015425266014,0.9857059799486663,0.9945294806288909,0.9910795983974141
492,p_fbd413a2,0.9946641781166442,0.993192994069411,0.9864780322534656,0.9893254656441811,0.9970908795003637
493,p_fe006a83,0.9842946959304985,0.9616035995752054,0.9260467382030848,0.9313053339865371,0.9939395515037018
494,p_fe54c949,0.9704415294924554,0.9612852441049746,0.9254564245375215,0.9267468345660195,0.998497696390039
495,p_feb97599,0.9774718047262828,0.9649009472672173,0.9321822338835747,0.984449034360125,0.9461140729324478
496,p_fecd7274,0.987782535041307,0.986547354474878,0.9734518517771463,0.9843208039985774,0.9887840007785509
497,p_ff6efb79,0.9544919195816186,0.9537379652199964,0.9115670200348405,0.9800573627894168,0.9287952105058229
498,p_ffc0b723,0.9712485532407408,0.9586478551249566,0.9205799016623617,0.9461857375226599,0.9714426287120014
499,p_ffdac4ba,0.9943835363602805,0.9870965826933923,0.974521919689206,0.9760528419604971,0.998393096605774


Accuracy: 0.97296
F1: 0.96480
Jaccard: 0.93486
Recall: 0.95764
Precision: 0.97511
